,language,region,quoteType,typeDisp,quoteSourceName,triggerable,customPriceAlertConfidence,currency,fiftyTwoWeekHigh,fiftyTwoWeekLow,averageAnalystRating,dividendYield,financialCurrency,shortName,marketCap,bid,ask,exchangeDataDelayedBy,exchangeTimezoneName,exchangeTimezoneShortName,gmtOffSetMilliseconds,esgPopulated,tradeable,cryptoTradeable,regularMarketChangePercent,hasPrePostMarketData,firstTradeDateMilliseconds,priceHint,regularMarketChange,regularMarketTime,regularMarketPrice,regularMarketDayHigh,regularMarketDayRange,regularMarketDayLow,regularMarketVolume,regularMarketPreviousClose,bidSize,askSize,market,messageBoardId,fullExchangeName,longName,regularMarketOpen,averageDailyVolume3Month,averageDailyVolume10Day,corporateActions,fiftyTwoWeekLowChange,fiftyTwoWeekLowChangePercent,fiftyTwoWeekRange,fiftyTwoWeekHighChange,fiftyTwoWeekHighChangePercent,fiftyTwoWeekChangePercent,earningsTimestamp,earningsTimestampStart,earningsTimestampEnd,earningsCallTimestampStart,earningsCallTimestampEnd,isEarningsDateEstimate,trailingAnnualDividendRate,trailingPE,dividendRate,trailingAnnualDividendYield,marketState,epsTrailingTwelveMonths,epsForward,epsCurrentYear,priceEpsCurrentYear,sharesOutstanding,bookValue,fiftyDayAverage,fiftyDayAverageChange,fiftyDayAverageChangePercent,twoHundredDayAverage,twoHundredDayAverageChange,twoHundredDayAverageChangePercent,forwardPE,priceToBook,sourceInterval,exchange,symbol,prevName,nameChangeDate
0,en-US,US,EQUITY,Equity,Delayed Quote,False,LOW,INR,1611.8,1114.85,1.4 - Strong Buy,0.37,INR,RELIANCE INDUSTRIES LTD,19901586604032,0.0,0.0,15,Asia/Kolkata,IST,19800000,False,False,False,-2.2337441,False,820467900000,2,-33.599976,1767866400,1470.6,1503.9,1468.8 - 1503.9,1468.8,16515304,1504.2,0.0,0.0,in_market,finmb_878373,NSE,Reliance Industries Limited,1500.0,10275876,9244790,[],355.75,0.31910124,1114.85 - 1611.8,-141.20007,-0.087603964,19.88045,1760695200.0,1768471200.0,1768471200.0,1745592300.0,1745592300.0,True,0.0,23.962849,5.5,0.0,PREPRE,61.37,67.49138,59.88771,24.555956,13532472634,648.12,1535.17,-64.57007,-0.04206053,1434.469,36.13098,0.025187705,21.78945,2.2690241,15,NSI,RELIANCE.NS,,
1,en-US,US,EQUITY,Equity,Delayed Quote,False,LOW,INR,1020.5,812.15,1.4 - Strong Buy,1.16,INR,HDFC BANK LTD,14564542382080,0.0,0.0,15,Asia/Kolkata,IST,19800000,False,False,False,-0.24761346,False,820467900000,2,-2.3499756,1767866400,946.7,953.0,941.4 - 953.0,941.4,21927772,949.05,0.0,0.0,in_market,finmb_101677,NSE,HDFC Bank Limited,944.7,19189732,22047812,[],134.54999,0.16567135,812.15 - 1020.5,-73.79999,-0.07231748,13.808608,1768644000.0,1768644000.0,1768644000.0,1760790600.0,1760790600.0,False,11.0,21.638857,11.0,0.011590538,PREPRE,43.75,57.65,49.15,19.261444,15384537807,354.079,992.167,-45.46698,-0.045825936,978.0675,-31.367493,-0.032070886,16.421509,2.673697,15,NSI,HDFCBANK.NS,,
2,en-US,US,EQUITY,Equity,Delayed Quote,False,LOW,INR,2174.5,1559.5,1.7 - Buy,0.77,INR,BHARTI AIRTEL LIMITED,12585997959168,0.0,0.0,15,Asia/Kolkata,IST,19800000,False,False,False,-0.858838,False,1025495100000,2,-17.899902,1767866397,2066.3,2092.0,2055.0 - 2092.0,2055.0,5534829,2084.2,0.0,0.0,in_market,finmb_135466,NSE,Bharti Airtel Limited,2088.0,7168066,3844648,[],506.80005,0.324976,1559.5 - 2174.5,-108.19995,-0.049758542,29.691051,1770285600.0,1770285600.0,1770285600.0,1762241400.0,1762241400.0,False,16.0,32.190372,16.0,0.0076768068,PREPRE,64.19,67.88914,47.43892,43.557064,5698969219,203.273,2100.17,-33.869873,-0.016127206,1950.512,115.788086,0.059362922,30.436386,10.165148,15,NSI,BHARTIARTL.NS,,
3,en-US,US,EQUITY,Equity,Delayed Quote,False,LOW,INR,4322.95,2866.6,2.0 - Buy,1.88,INR,TATA CONSULTANCY SERV LT,11591989854208,0.0,0.0,15,Asia/Kolkata,IST,19800000,False,False,False,-2.7825036,False,1029123900000,2,-91.700195,1767866400,3203.9,3286.9,3182.0 - 3286.9,3182.0,4158800,3295.6,0.0,0.0,in_market,finmb_6411769,NSE,Tata Consultancy Services Limited,3286.9,2779440,2123321,[],337.2998,0.117665455,2866.6 - 4322.95,-1119.0503,-0.25886264,-18.402517,1768212000.0,1768212000.0,1768212000.0,1768224600.0,1768224600.0,False,62.0,23.425457,62.0,0.018812962,PREPRE,136.77,152.8395,142.63599,22.462072,3618087518,294.119,3170.41,33.48999,0.0105633,3218.7473,-14.847412,-0.0046127923,20.962513,10.89321,15,NSI,TCS.NS,,
4,en-US,US,EQUITY,Equity,Delayed Quote,False,LOW,INR,1500.0,1186.0,1.4 - Strong Buy,0.77,INR,ICICI BANK LTD.,10261647851520,0.0,0.0,15,Asia/Kolkata,IST,19800000,False,False,False,0.51131535,False,1025495100000,2,7.300049,1767866400,1435.0,1442.2,1423.3 - 1442.2,1423.3,14861164,1427.7,0.0,0.0,in_market,finmb_411168,NSE,ICICI Bank Limited,1429.0,10886255,9560172,[],249.0,0.2099494,1186.0 - 1500.0,-65.0,-0.043333333,13.094103,1768644000.0,1768644000.0,1768644000.0,1760787000.0,1760787000.0,False,0.0,19.405005,11.0,0.0,PREPRE,73.95,80.68736,72.34082,19.836657,7150973992,469.65,1366.046,68.95398,0.050477054,1402.7415,32.258545,0.022996785,17.784693,3.055467,15,NSI,ICICIBANK.NS,,
5,en-US,US,EQUITY,Equity,Delayed Quote,False,LOW,INR,1024.0,680.0,1.5 - Buy,1.58,INR,STATE BANK OF INDIA,9212156444672,0.0,0.0,15,Asia/Kolkata,IST,19800000,False,False,False,-0.9085066,False,820467900000,2,-9.150024,1767866400,998.0,1011.6,995.85 - 1011.6,995.85,6852487,1007.15,0.0,0.0,in_market,finmb_874487,NSE,State Bank of India,1006.6,9502167,7756570,[],318.0,0.46764705,680.0 - 1024.0,-26.0,-0.025390625,32.44132,1762250400.0,1770285600.0,1770285600.0,1762256700.0,1762256700.0,True,15.9,11.096286,15.9,0.01578712,PREPRE,89.94,89.81135,81.47923,12.24852,9230617586,616.765,969.408,28.59198,0.029494269,856.44025,141.55975,0.16528854,11.112182,1.6181203,15,NSI,SBIN.NS,,
6,en-US,US,EQUITY,Equity,Delayed Quote,False,LOW,INR,1982.8,1307.0,1.8 - Buy,2.75,USD,INFOSYS LIMITED,6526728667136,0.0,0.0,15,Asia/Kolkata,IST,19800000,False,False,False,-1.5680263,False,820467900000,2,-25.699951,1767866399,1613.3,1644.3,1608.6 - 1644.3,1608.6,3941559,1639.0,0.0,0.0,in_market,finmb_398006,NSE,Infosys Limited,1638.9,8052170,4786587,[],306.30005,0.23435351,1307.0 - 1982.8,-369.5,-0.18635263,-14.515203,1768384800.0,1768384800.0,1768384800.0,1768388400.0,1768388400.0,False,0.52,22.626928,45.0,0.00031726662,PREPRE,71.3,75.51562,69.97686,23.054766,4045576496,253.06528,1573.728,39.57202,0.0251454,1532.075,81.2251,0.053016398,21.363794,6.3750353,15,NSI,INFY.NS,,
7,en-US,US,EQUITY,Equity,Delayed Quote,False,LOW,INR,1102.5,710.52,2.4 - Buy,0.45,INR,BAJAJ FINANCE LIMITED,6040800198656,0.0,0.0,15,Asia/Kolkata,IST,19800000,False,False,False,0.32514703,False,1025495100000,2,3.1500244,1767866400,971.95,978.35,965.3 - 978.35,965.3,4409958,968.8,0.0,0.0,in_market,finmb_881576,NSE,Bajaj Finance Limited,968.5,6803512,7623839,[],261.43,0.36794177,710.52 - 1102.5,-130.54999,-0.11841269,33.123554,1762768800.0,1769594400.0,1769594400.0,1762779600.0,1762779600.0,True,4.4,33.003395,4.4,0.004541701,PREPRE,29.45,41.36759,33.92091,28.653418,6215134963,166.188,1015.511,-43.560974,-0.042895623,956.4233,15.526733,0.016234165,23.495445,5.848497,15,NSI,BAJFINANCE.NS,,
8,en-US,US,EQUITY,Equity,Delayed Quote,False,LOW,INR,2750.0,2136.0,1.9 - Buy,1.79,INR,HINDUSTAN UNILEVER LTD.,5607880392704,0.0,0.0,15,Asia/Kolkata,IST,19800000,False,False,False,-0.529297,False,820467900000,2,-12.699951,1767866404,2386.7,2418.1,2368.1 - 2418.1,2368.1,1163632,2399.4,0.0,0.0,in_market,finmb_878395,NSE,Hindustan Unilever Limited,2389.0,1539541,1117228,[],250.69995,0.11736889,2136.0 - 2750.0,-363.30005,-0.1321091,-1.4781952,1761213600.0,1769076000.0,1769076000.0,1745490600.0,1745490600.0,True,43.0,51.537464,43.0,0.017921148,PREPRE,46.31,50.13633,45.12568,52.89006,2349591262,207.383,2376.856,9.843994,0.004141603,2434.3757,-47.67578,-0.019584397,47.604202,11.508657,15,NSI,HINDUNILVR.NS,,
9,en-US,US,EQUITY,Equity,Delayed Quote,False,LOW,INR,4195.0,2965.3,1.7 - Buy,0.82,INR,LARSEN & TOUBRO LTD.,5541390188544,0.0,0.0,15,Asia/Kolkata,IST,19800000,False,False,False,-3.0935793,False,1025495100000,2,-128.6001,1767866399,4028.4,4169.9,3991.3 - 4169.9,3991.3,2328443,4157.0,0.0,0.0,in_market,finmb_874836,NSE,Larsen & Toubro Limited,4160.0,1527051,1111060,[],1063.0999,0.3585134,2965.3 - 4195.0,-166.6001,-0.039713968,17.832136,1761732000.0,1769680800.0,1769680800.0,1746701940.0,1746701940.0,True,0.0,33.764145,34.0,0.0,PREPRE,119.31,160.7311,132.22878,30.46538,1375580872,736.989,4029.814,-1.4140625,-0.0003509002,3686.727,341.67285,0.09267647,25.062979,5.4660244,15,NSI,LT.NS,,
10,en-US,US,EQUITY,Equity,Delayed Quote,False,LOW,INR,980.0,715.3,1.7 - Buy,1.41,INR,LIFE INSURA CORP OF INDIA,5299083149312,0.0,0.0,15,Asia/Kolkata,IST,19800000,False,False,False,-1.6608986,False,1652759100000,2,-14.150024,1767866399,837.8,851.3,835.1 - 851.3,835.1,860164,851.95,,,in_market,finmb_8033827,NSE,Life Insurance Corporation of India,850.1,1292777,847761,[],122.5,0.17125683,715.3 - 980.0,-142.20001,-0.14510205,1.0496974,1762423200.0,1770285600.0,1770285600.0,1762435800.0,1762435800.0,True,0.0,10.373947,12.0,0.0,PREPRE,80.76,90.96523,83.37588,10.04847,6324997701,192.552,878.309,-40.509033,-0.04612162,883.0325,-45.232483,-0.05122403,9.210112,4.3510323,15,NSI,LICI.NS,,
12,en-US,US,EQUITY,Equity,Delayed Quote,False,LOW,INR,3839.9,2425.0,1.4 - Strong Buy,0.67,INR,MAHINDRA & MAHINDRA LTD,4468972716032,0.0,0.0,15,Asia/Kolkata,IST,19800000,False,False,False,-0.6615463,False,820467900000,2,-24.800049,1767866400,3724.0,3756.8,3693.2 - 3756.8,3693.2,1260967,3748.8,0.0,0.0,in_market,finmb_878402,NSE,Mahindra & Mahindra Limited,3730.0,1985535,1410328,[],1299.0,0.5356701,2425.0 - 3839.9,-115.8999,-0.030183053,19.904041,1762250400.0,1770285600.0,1770285600.0,1753966800.0,1753966800.0,True,0.0,29.47835,25.3,0.0,PREPRE,126.33,140.82053,122.94882,30.289026,1200046280,741.994,3669.736,54.263916,0.014786871,3316.803,407.19702,0.122767925,26.44501,5.0189085,15,NSI,M&M.NS,,
13,en-US,US,EQUITY,Equity,Delayed Quote,False,LOW,INR,2012.2,1302.75,2.4 - Buy,2.91,USD,HCL TECHNOLOGIES LTD,4461413531648,0.0,0.0,15,Asia/Kolkata,IST,19800000,False,False,False,-0.06069066,False,1029123900000,2,-1.0,1767866404,1646.7,1660.6,1635.4 - 1660.6,1635.4,3266378,1647.7,0.0,0.0,in_market,finmb_777058,NSE,HCL Technologies Limited,1653.3,2309693,2002161,[],343.94995,0.2640184,1302.75 - 2012.2,-365.5,-0.18164198,-14.838743,1768212000.0,1768212000.0,1768212000.0,1768226400.0,1768226400.0,False,0.612,26.300909,48.0,0.00037142684,PREPRE,62.61,72.76987,64.4221,25.561104,2705510289,267.30978,1622.29,24.409912,0.015046577,1561.4723,85.22766,0.054581605,22.628872,6.1602683,15,NSI,HCLTECH.NS,,
14,en-US,US,EQUITY,Equity,Delayed Quote,False,LOW,INR,471.5,337.75,1.4 - Strong Buy,4.6,INR,ITC LTD,4271122153472,0.0,0.0,15,Asia/Kolkata,IST,19800000,False,False,False,-0.10256589,False,820467900000,2,-0.3500061,1767866400,340.9,345.15,339.05 - 345.15,339.05,36698145,341.25,0.0,0.0,in_market,finmb_878153,NSE,ITC Limited,341.5,19206584,64876051,[],3.149994,0.009326407,337.75 - 471.5,-130.6,-0.27698836,-24.183517,1761818400.0,1769680800.0,1769680800.0,,,True,7.85,21.160769,15.7,0.023003662,PREPRE,16.11,17.99955,16.72314,20.384926,12528959771,56.707,399.4,-58.5,-0.14646971,411.93274,-71.032745,-0.17243773,18.939362,6.0116034,15,NSI,ITC.NS,,
15,en-US,US,EQUITY,Equity,Delayed Quote,False,LOW,INR,2301.9,1723.75,2.0 - Buy,0.12,INR,KOTAK MAHINDRA BANK LTD,4242010275840,0.0,0.0,15,Asia/Kolkata,IST,19800000,False,False,False,-0.5130597,False,994045500000,2,-11.0,1767866399,2133.0,2143.0,2118.6 - 2143.0,2118.6,2294731,2144.0,0.0,0.0,in_market,finmb_932131,NSE,Kotak Mahindra Bank Limited,2140.1,2864948,2626351,"[{'header': 'Stock split', 'message': 'KOTAKBANK.NS announces 5 for 1 split effective Jan. 14, 2026', 'meta': {'eventType': 'SPLIT', 'dateEpochMs': 1768329000000, 'splitRatio': '5:1'}}]",409.25,0.23741841,1723.75 - 2301.9,-168.8999,-0.07337413,19.76316,1761386400.0,1768644000.0,1768644000.0,1761391800.0,1761391800.0,True,0.0,22.817715,2.5,0.0,PREPRE,93.48,108.548,82.64872,25.808022,1988752989,845.015,2133.284,-0.28393555,-0.00013309787,2104.0183,28.98169,0.013774447,19.650293,2.5242155,15,NSI,KOTAKBANK.NS,,
16,en-US,US,EQUITY,Equity,Delayed Quote,False,LOW,INR,1851.2,1548.0,1.7 - Buy,0.9,INR,SUN PHARMACEUTICAL IND L,4224508755968,0.0,0.0,15,Asia/Kolkata,IST,19800000,False,False,False,-1.2285439,False,820467900000,2,-21.900024,1767866399,1760.7,1778.6,1757.7 - 1778.6,1757.7,1910615,1782.6,0.0,0.0,in_market,finmb_141232,NSE,Sun Pharmaceutical Industries Limited,1766.0,1867307,1818080,[],212.69995,0.13740307,1548.0 - 1851.2,-90.5,-0.048887208,-2.3954868,1762336800.0,1769680800.0,1769680800.0,1762347600.0,1762347600.0,True,0.0,40.3183,16.0,0.0,PREPRE,43.67,56.21959,48.61067,36.220444,2399334970,324.462,1756.428,4.2719727,0.0024321934,1695.7362,64.963745,0.038310055,31.318264,5.4265213,15,NSI,SUNPHARMA.NS,,
17,en-US,US,EQUITY,Equity,Delayed Quote,False,LOW,INR,1304.6,933.5,1.5 - Buy,0.08,INR,AXIS BANK LIMITED,3995797291008,0.0,0.0,15,Asia/Kolkata,IST,19800000,False,False,False,-0.6715516,False,912138300000,2,-8.699951,1767866398,1286.8,1303.2,1283.8 - 1303.2,1283.8,3949331,1295.5,0.0,0.0,in_market,finmb_3729884,NSE,Axis Bank Limited,1291.1,5194346,4390199,[],353.30005,0.3784682,933.5 - 1304.6,-17.799927,-0.013643973,22.015535,1760522400.0,1768471200.0,1768471200.0,1760532600.0,1760532600.0,True,0.0,15.423709,1.0,0.0,PREPRE,83.43,108.0,86.0,14.962791,3105220003,643.264,1254.454,32.34607,0.025784979,1176.2402,110.559814,0.093994245,11.914815,2.000423,15,NSI,AXISBANK.NS,,
20,en-US,US,EQUITY,Equity,Delayed Quote,False,LOW,INR,1549.0,1010.75,1.1 - Strong Buy,0.48,INR,ADANI PORT & SEZ LTD,3376099885056,0.0,0.0,15,Asia/Kolkata,IST,19800000,False,False,False,-0.0068312054,False,1196135100000,2,-0.100097656,1767866399,1465.2,1489.0,1460.3 - 1489.0,1460.3,1974206,1465.3,0.0,0.0,in_market,finmb_27674009,NSE,Adani Ports and Special Economic Zone Limited,1468.0,1919152,1493183,[],454.44995,0.44961658,1010.75 - 1549.0,-83.80005,-0.05409945,29.403448,1770112800.0,1770112800.0,1770112800.0,1746097140.0,1746097140.0,False,7.0,26.452427,7.0,0.0047771786,PREPRE,55.39,70.05538,60.20722,24.33595,2303959098,310.464,1486.9,-21.700073,-0.014594171,1398.5708,66.62915,0.047640886,20.91488,4.7193875,15,NSI,ADANIPORTS.NS,,
21,en-US,US,EQUITY,Equity,Delayed Quote,False,LOW,INR,371.45,292.8,1.5 - Buy,3.18,INR,NTPC LTD,3339531845632,0.0,0.0,15,Asia/Kolkata,IST,19800000,False,False,False,-1.2756234,False,1099626300000,2,-4.450012,1767866399,344.4,349.8,342.2 - 349.8,342.2,8805932,348.85,0.0,0.0,in_market,finmb_9673133,NSE,NTPC Limited,346.75,8287163,11365999,[],51.600006,0.17622954,292.8 - 371.45,-27.050018,-0.07282277,8.896518,1761818400.0,1769680800.0,1769680800.0,1761831000.0,1761831000.0,True,8.6,18.41711,11.1,0.02465243,PREPRE,18.7,26.9056,24.38238,14.124954,9696666134,198.221,328.026,16.373993,0.04991675,337.25674,7.1432495,0.021180449,12.800309,1.7374547,15,NSI,NTPC.NS,,
22,en-US,US,EQUITY,Equity,Delayed Quote,False,LOW,INR,2195.0,1617.0,2.1 - Buy,0.05,INR,BAJAJ FINSERV LTD.,3207499350016,0.0,0.0,15,Asia/Kolkata,IST,19800000,False,False,False,-1.1319455,False,1029123900000,2,-23.0,1767866399,2008.9,2029.1,1989.2 - 2029.1,1989.2,756926,2031.9,0.0,0.0,in_market,finmb_41356562,NSE,Bajaj Finserv Ltd.,2021.0,1069000,1523274,[],391.90002,0.24236241,1617.0 - 2195.0,-186.09998,-0.08478359,20.20943,1762855200.0,1769680800.0,1769680800.0,1762860600.0,1762860600.0,True,0.0,33.515182,1.0,0.0,PREPRE,59.94,80.76056,65.07927,30.86851,1596246827,480.6,2057.368,-48.467896,-0.023558205,2022.5183,-13.618286,-0.0067333314,24.874765,4.179983,15,NSI,BAJAJFINSV.NS,Bajaj Finserv Limited,2026-01-08
23,en-US,US,EQUITY,Equity,Delayed Quote,False,LOW,INR,436.0,240.25,1.9 - Buy,0.58,INR,BHARAT ELECTRONICS LTD,3038309515264,0.0,0.0,15,Asia/Kolkata,IST,19800000,False,False,False,0.0,False,1025495100000,2,0.0,1767866399,415.65,422.95,414.05 - 422.95,414.05,22233946,415.65,0.0,0.0,in_market,finmb_8910862,NSE,Bharat Electronics Limited,415.7,13284902,15272240,[],175.4,0.7300728,240.25 - 436.0,-20.350006,-0.046674326,47.786667,1761904800.0,1761904800.0,1761904800.0,1761906600.0,1761906600.0,False,0.0,53.49421,2.4,0.0,PREPRE,7.77,9.88797,8.40887,49.429947,7309778829,29.476,406.896,8.753998,0.021514092,384.72974,30.920258,0.08036877,42.035927,14.101303,15,NSI,BEL.NS,,
25,en-US,US,EQUITY,Equity,Delayed Quote,False,LOW,INR,272.59,205.0,2.3 - Buy,7.63,INR,OIL AND NATURAL GAS CORP.,2911935922176,0.0,0.0,15,Asia/Kolkata,IST,19800000,False,False,False,-3.1958501,False,820467900000,2,-7.6399994,1767866400,231.42,238.89,231.0 - 238.89,231.0,9209941,239.06,0.0,0.0,in_market,finmb_882940,NSE,Oil and Natural Gas Corporation Limited,238.2,8393997,9571709,[],26.419998,0.12887804,205.0 - 272.59,-41.17,-0.15103269,-9.164828,1762768800.0,1769767200.0,1769767200.0,1762855200.0,1762855200.0,True,12.25,7.947115,18.25,0.051242366,PREPRE,29.12,37.55964,35.06182,6.600342,12580279206,292.589,242.908,-11.488007,-0.04729365,241.7474,-10.327408,-0.04271983,6.161401,0.79093885,15,NSI,ONGC.NS,,
26,en-US,US,EQUITY,Equity,Delayed Quote,False,LOW,INR,2695.0,2026.55,,0.06,INR,ADANI ENTERPRISES LIMITED,2861998800896,0.0,0.0,15,Asia/Kolkata,IST,19800000,False,False,False,-2.642808,False,1025495100000,2,-60.100098,1767866403,2214.0,2275.9,2205.0 - 2275.9,2205.0,791874,2274.1,0.0,0.0,in_market,finmb_883013,NSE,Adani Enterprises Limited,2275.0,1219685,739631,[],187.44995,0.09249707,2026.55 - 2695.0,-481.0,-0.17847866,-8.224708,1770112800.0,1770112800.0,1770112800.0,1746097140.0,1746097140.0,False,1.3,34.161396,1.26,0.0005716547,PREPRE,64.81,44.02,32.39,68.35443,1154180729,445.61,2309.356,-95.35596,-0.041291147,2420.5852,-206.5852,-0.08534515,50.29532,4.9684706,15,NSI,ADANIENT.NS,,
27,en-US,US,EQUITY,Equity,Delayed Quote,False,LOW,INR,1223.9,880.0,2.5 - Buy,0.24,INR,JSW STEEL LIMITED,2823340425216,0.0,0.0,15,Asia/Kolkata,IST,19800000,False,False,False,-2.8492203,False,1052365500000,2,-33.900024,1767866404,1155.9,1190.0,1153.9 - 1190.0,1153.9,1274874,1189.8,0.0,0.0,in_market,finmb_881242,NSE,JSW Steel Limited,1190.0,1626449,1949376,[],275.90002,0.31352276,880.0 - 1223.9,-68.0,-0.055560093,33.542847,1760695200.0,1760695200.0,1760695200.0,1760702400.0,1760702400.0,False,0.0,46.930576,2.8,0.0,PREPRE,24.63,64.70426,43.52006,26.560165,2442547305,340.317,1144.948,10.952026,0.009565523,1075.147,80.75305,0.07510885,17.864357,3.3965392,15,NSI,JSWSTEEL.NS,,
28,en-US,US,EQUITY,Equity,Delayed Quote,False,LOW,INR,182.7,89.0,1.2 - Strong Buy,,INR,ADANI POWER LTD,2755590094848,0.0,0.0,15,Asia/Kolkata,IST,19800000,False,False,False,-2.3775334,False,1250739900000,2,-3.4799957,1767866403,142.89,147.55,142.1 - 147.55,142.1,9843347,146.37,0.0,0.0,in_market,finmb_37293443,NSE,Adani Power Limited,146.37,28218169,17296252,[],53.89,0.6055056,89.0 - 182.7,-39.809998,-0.21789819,46.987343,1761818400.0,1769594400.0,1769594400.0,1761825600.0,1761825600.0,True,0.0,23.34804,,0.0,PREPRE,6.12,7.022,6.074,23.52486,19284694705,30.287,147.5744,-4.6844025,-0.03174265,128.8975,13.992493,0.10855518,20.348904,4.7178655,15,NSI,ADANIPOWER.NS,,
29,en-US,US,EQUITY,Equity,Delayed Quote,False,LOW,INR,324.6,228.0,3.1 - Hold,4.06,INR,WIPRO LTD,2746628702208,0.0,0.0,15,Asia/Kolkata,IST,19800000,False,False,False,-3.1757667,False,820467900000,2,-8.599976,1767866400,262.2,270.9,261.35 - 270.9,261.35,9268392,270.8,0.0,0.0,in_market,finmb_598611,NSE,Wipro Limited,270.9,8424736,5637306,[],34.200012,0.15000005,228.0 - 324.6,-62.399994,-0.19223657,-7.3554573,1768557600.0,1768557600.0,1768557600.0,1768570200.0,1768570200.0,False,5.0,20.388803,11.0,0.01846381,PREPRE,12.86,13.49189,12.74568,20.571678,10475318393,82.193,254.1718,8.0282135,0.031585775,251.05185,11.148163,0.044405818,19.433897,3.1900527,15,NSI,WIPRO.NS,,
31,en-US,US,EQUITY,Equity,Delayed Quote,False,LOW,INR,2985.7,2124.75,2.9 - Hold,0.89,INR,ASIAN PAINTS LIMITED,2671461007360,0.0,0.0,15,Asia/Kolkata,IST,19800000,False,False,False,-0.8151172,False,1025495100000,2,-22.899902,1767866400,2786.5,2804.7,2770.1 - 2804.7,2770.1,620018,2809.4,0.0,0.0,in_market,finmb_878276,NSE,Asian Paints Limited,2795.0,1279525,1185782,[],661.75,0.3114484,2124.75 - 2985.7,-199.19995,-0.066718005,19.538761,1769508000.0,1769508000.0,1769508000.0,1762948800.0,1762948800.0,False,25.05,68.39715,25.05,0.008916494,PREPRE,40.74,51.92843,46.06205,60.494484,958578217,204.34,2786.568,-0.068115234,-2.444413e-05,2499.3098,287.1902,0.11490779,53.660397,13.636586,15,NSI,ASIANPAINT.NS,,
32,en-US,US,EQUITY,Equity,Delayed Quote,False,LOW,INR,419.0,337.7,3.2 - Hold,1.65,INR,TATA MOTORS PASS VEH LTD,2646227550208,0.0,0.0,15,Asia/Kolkata,IST,19800000,False,False,False,-1.0733436,False,1760499900000,2,-3.899994,1767866400,359.45,365.35,358.0 - 365.35,358.0,7350053,363.35,,,in_market,finmb_874652,NSE,Tata Motors Passenger Vehicles Limited,363.3,12398036,10415801,[],21.75,0.064406276,337.7 - 419.0,-59.549988,-0.14212407,-7.035947,1763114400.0,1771063200.0,1771063200.0,1763125200.0,1763125200.0,True,0.0,11.528223,6.0,0.0,PREPRE,31.18,42.37294,14.00087,25.673407,3682331373,300.66,370.707,-11.256989,-0.03036627,374.83447,-15.38446,-0.041043345,8.483008,1.1955365,15,NSI,TMPV.NS,Tata Motors Limited,2026-01-08
33,en-US,US,EQUITY,Equity,Delayed Quote,False,LOW,INR,436.7,349.25,2.4 - Buy,6.14,INR,COAL INDIA LTD,2620700229632,0.0,0.0,15,Asia/Kolkata,IST,19800000,False,False,False,-1.4826814,False,1288842300000,2,-6.399994,1767866400,425.25,434.0,423.45 - 434.0,423.45,5990624,431.65,0.0,0.0,in_market,finmb_9192276,NSE,Coal India Limited,431.65,6377341,10149173,[],76.0,0.21760917,349.25 - 436.7,-11.450012,-0.0262194,15.97259,1761732000.0,1769508000.0,1769508000.0,1708338600.0,1708338600.0,True,10.75,8.39917,26.5,0.024904437,PREPRE,50.63,54.711,52.00984,8.176337,6162728327,171.077,387.984,37.26599,0.09605033,388.80276,36.447235,0.09374222,7.7726603,2.4857228,15,NSI,COALINDIA.NS,,
34,en-US,US,EQUITY,Equity,Delayed Quote,False,LOW,INR,368.45,194.8,1.7 - Buy,,INR,ETERNAL LIMITED,2579983499264,0.0,0.0,15,Asia/Kolkata,IST,19800000,False,False,False,0.92542285,False,1627011900000,2,2.5999756,1767866399,283.55,287.4,279.0 - 287.4,279.0,38189630,280.95,,,in_market,finmb_112318630,NSE,Eternal Limited,280.55,28409818,21581684,[],88.749985,0.4555954,194.8 - 368.45,-84.900024,-0.2304248,14.50988,1760608800.0,1760608800.0,1760608800.0,1760614200.0,1760614200.0,False,0.0,1417.7499,,0.0,PREPRE,0.2,2.43681,0.52084,544.409,9098866313,33.193,297.648,-14.098022,-0.047364745,281.9138,1.6362,0.0058039017,116.36114,8.542463,15,NSI,ETERNAL.NS,Zomato Limited,2026-01-08
35,en-US,US,EQUITY,Equity,Delayed Quote,False,LOW,INR,1332.7,1055.0,2.8 - Hold,1.52,INR,NESTLE INDIA LIMITED,2520114003968,0.0,0.0,15,Asia/Kolkata,IST,19800000,False,False,False,-0.6008537,False,1029123900000,2,-7.9000244,1767866398,1306.9,1315.1,1299.0 - 1315.1,1299.0,555814,1314.8,0.0,0.0,in_market,finmb_877826,NSE,Nestl√© India Limited,1309.1,1091749,1190321,[],251.90002,0.2387678,1055.0 - 1332.7,-25.799927,-0.019359142,16.557705,1760608800.0,1760608800.0,1760608800.0,,,False,12.125,85.698364,20.0,0.009221935,PREPRE,15.25,19.52217,16.65818,78.45395,1928314320,22.996,1263.126,43.774048,0.03465533,1207.2598,99.64026,0.08253423,66.944405,56.831623,15,NSI,NESTLEIND.NS,,
36,en-US,US,EQUITY,Equity,Delayed Quote,False,LOW,INR,656.35,378.15,2.9 - Hold,4.6,INR,HINDUSTAN ZINC LIMITED,2496107118592,0.0,0.0,15,Asia/Kolkata,IST,19800000,False,False,False,-6.230159,False,1029123900000,2,-39.25,1767866400,590.75,623.45,588.35 - 623.45,588.35,20815997,630.0,0.0,0.0,in_market,finmb_882854,NSE,Hindustan Zinc Limited,623.0,8238296,11011874,[],212.6,0.5622108,378.15 - 656.35,-65.599976,-0.09994664,43.934204,1760695200.0,1760695200.0,1760695200.0,1760697000.0,1760697000.0,False,0.0,23.620552,29.0,0.0,PREPRE,25.01,32.82517,28.38785,20.80996,4225319000,32.42,530.86,59.890015,0.11281697,470.46475,120.28525,0.25567323,17.99686,18.221777,15,NSI,HINDZINC.NS,,
37,en-US,US,EQUITY,Equity,Delayed Quote,False,LOW,INR,4949.5,3340.0,3.0 - Hold,,INR,AVENUE SUPERMARTS LIMITED,2466148253696,0.0,0.0,15,Asia/Kolkata,IST,19800000,False,False,False,-1.3483977,False,1490067900000,2,-51.80005,1767866398,3789.8,3872.4,3781.0 - 3872.4,3781.0,400156,3841.6,0.0,0.0,in_market,finmb_113890200,NSE,Avenue Supermarts Limited,3843.0,371895,543981,[],449.80005,0.13467067,3340.0 - 4949.5,-1159.7,-0.23430648,0.72892904,1768039200.0,1768039200.0,1768039200.0,,,False,0.0,90.5135,,0.0,PREPRE,41.87,58.115,47.56455,79.67699,650733068,351.86,3927.494,-137.69385,-0.03505896,4202.399,-412.59888,-0.09818175,65.21208,10.7707615,15,NSI,DMART.NS,,
38,en-US,US,EQUITY,Equity,Delayed Quote,False,LOW,INR,322.0,247.3,2.4 - Buy,5.11,INR,POWER GRID CORP. LTD.,2411646418944,0.0,0.0,15,Asia/Kolkata,IST,19800000,False,False,False,-1.8175002,False,1191555900000,2,-4.8000183,1767866400,259.3,265.3,257.95 - 265.3,257.95,11760954,264.1,0.0,0.0,in_market,finmb_9537783,NSE,Power Grid Corporation of India Limited,264.0,11661505,9466897,[],11.999985,0.048523996,247.3 - 322.0,-62.700012,-0.19472054,-13.480753,1762164000.0,1770026400.0,1770026400.0,1762252200.0,1762252200.0,True,9.0,16.750647,13.5,0.034078,PREPRE,15.48,18.62601,17.27724,15.008183,9300603819,106.531,269.84,-10.540009,-0.039060216,287.1355,-27.83551,-0.096942075,13.9213915,2.4340332,15,NSI,POWERGRID.NS,,
39,en-US,US,EQUITY,Equity,Delayed Quote,False,LOW,INR,629.9,363.0,1.7 - Buy,8.28,INR,VEDANTA LIMITED,2356851245056,0.0,0.0,15,Asia/Kolkata,IST,19800000,False,False,False,-3.0054665,False,820467900000,2,-18.700012,1767866400,603.5,619.1,595.0 - 619.1,595.0,18000492,622.2,0.0,0.0,in_market,finmb_878252,NSE,Vedanta Limited,619.0,11502391,11503279,[],240.5,0.6625344,363.0 - 629.9,-26.400024,-0.041911453,41.763496,1761904800.0,1769680800.0,1769680800.0,1761910200.0,1761910200.0,True,51.5,19.793375,51.5,0.08277081,PREPRE,30.49,56.23974,45.26382,13.332944,3905304540,102.928,545.267,58.23297,0.10679716,468.4205,135.0795,0.2883723,10.730846,5.863322,15,NSI,VEDL.NS,,
40,en-US,US,EQUITY,Equity,Delayed Quote,False,LOW,INR,187.85,122.62,2.3 - Buy,1.96,INR,TATA STEEL LIMITED,2246429114368,0.0,0.0,15,Asia/Kolkata,IST,19800000,False,False,False,-2.0021806,False,820467900000,2,-3.680008,1767866399,180.12,185.87,179.55 - 185.87,179.55,38453196,183.8,0.0,0.0,in_market,finmb_874170,NSE,Tata Steel Limited,185.45,25161348,30161286,[],57.499992,0.46892834,122.62 - 187.85,-7.730011,-0.04114991,41.46079,1762941600.0,1769594400.0,1769594400.0,1763015400.0,1763015400.0,True,0.0,32.98901,3.6,0.0,PREPRE,5.46,16.7,13.5,13.342222,12471847611,76.221,173.3122,6.8078003,0.03928056,162.26065,17.859344,0.11006577,10.785628,2.3631282,15,NSI,TATASTEEL.NS,,
41,en-US,US,EQUITY,Equity,Delayed Quote,False,LOW,INR,174.5,110.72,2.2 - Buy,4.92,INR,INDIAN OIL CORP LTD,2208138002432,0.0,0.0,15,Asia/Kolkata,IST,19800000,False,False,False,-3.8728733,False,829539900000,2,-6.300003,1767866400,156.37,162.7,155.8 - 162.7,155.8,13561904,162.67,0.0,0.0,in_market,finmb_7844179,NSE,Indian Oil Corporation Limited,162.67,13457383,11067267,[],45.649994,0.41230124,110.72 - 174.5,-18.130005,-0.10389688,23.048412,1761559200.0,1769508000.0,1769508000.0,1761640200.0,1761640200.0,True,0.0,8.658361,8.0,0.0,PREPRE,18.06,18.81779,21.72233,7.198583,14121238383,143.199,165.6844,-9.314407,-0.056217767,149.53175,6.8382416,0.045731034,8.30969,1.0919769,15,NSI,IOC.NS,,
42,en-US,US,EQUITY,Equity,Delayed Quote,False,LOW,INR,2109.6,1372.55,1.3 - Strong Buy,0.13,INR,SBI LIFE INSURANCE CO LTD,2088794193920,0.0,0.0,15,Asia/Kolkata,IST,19800000,False,False,False,0.58430815,False,1507002300000,2,12.0998535,1767866387,2082.9,2095.5,2067.7 - 2095.5,2067.7,956720,2070.8,0.0,0.0,in_market,finmb_11436324,NSE,SBI Life Insurance Company Limited,2080.9,872765,854082,[],710.34985,0.5175402,1372.55 - 2109.6,-26.700195,-0.01265652,41.01944,1761300000.0,1768471200.0,1768471200.0,1761303600.0,1761303600.0,True,0.0,85.22504,2.7,0.0,PREPRE,24.44,32.8055,28.34733,73.47781,1002829838,182.376,2010.508,72.391846,0.03600674,1840.0923,242.80762,0.13195404,63.492397,11.42091,15,NSI,SBILIFE.NS,,
44,en-US,US,EQUITY,Equity,Delayed Quote,False,LOW,INR,970.8,546.45,2.6 - Hold,0.53,INR,HINDALCO  INDUSTRIES  LTD,2020443553792,0.0,0.0,15,Asia/Kolkata,IST,19800000,False,False,False,-3.6762748,False,820467900000,2,-34.5,1767866399,903.95,934.2,898.6 - 934.2,898.6,6265856,938.45,0.0,0.0,in_market,finmb_878428,NSE,Hindalco Industries Limited,934.05,5785149,6790849,[],357.5,0.65422267,546.45 - 970.8,-66.849976,-0.06886071,59.261776,1762509600.0,1762509600.0,1762509600.0,1762513200.0,1762513200.0,False,5.0,11.319183,5.0,0.0053279344,PREPRE,79.86,76.97987,73.3113,12.330296,2235127576,607.505,835.612,68.33801,0.08178199,725.7325,178.21753,0.24556918,11.74268,1.4879713,15,NSI,HINDALCO.NS,,
45,en-US,US,EQUITY,Equity,Delayed Quote,False,LOW,INR,2890.0,1541.7,1.7 - Buy,0.89,INR,HYUNDAI MOTOR INDIA LTD,1909877899264,0.0,0.0,15,Asia/Kolkata,IST,19800000,False,False,False,-0.4868755,False,1729568700000,2,-11.5,1767866399,2350.5,2362.0,2330.0 - 2362.0,2330.0,269556,2362.0,,,in_market,finmb_9003490,NSE,,2362.0,831295,571762,[],808.80005,0.5246157,1541.7 - 2890.0,-539.5,-0.1866782,32.284164,,1747393140.0,1747393140.0,1747408200.0,1747408200.0,False,0.0,33.39253,21.0,0.0,PREPRE,70.39,86.45765,74.2,31.677898,812541100,216.076,2338.536,11.964111,0.005116069,2181.222,169.27808,0.07760699,27.186722,10.878117,15,NSI,HYUNDAI.NS,,
47,en-US,US,EQUITY,Equity,Delayed Quote,False,LOW,INR,2977.8,2276.95,1.6 - Buy,0.35,INR,GRASIM INDUSTRIES LTD,1894803439616,0.0,0.0,15,Asia/Kolkata,IST,19800000,False,False,False,-1.5896548,False,1025495100000,2,-45.100098,1767866394,2792.0,2831.9,2787.1 - 2831.9,2787.1,437222,2837.1,0.0,0.0,in_market,finmb_877959,NSE,Grasim Industries Limited,2821.0,529127,576607,[],515.05005,0.22620174,2276.95 - 2977.8,-185.80005,-0.062395073,17.702461,1762336800.0,1762336800.0,1762336800.0,1763098200.0,1763098200.0,False,0.0,43.93391,10.0,0.0,PREPRE,63.55,122.84538,84.51814,33.03433,678553102,1468.673,2792.866,-0.8659668,-0.00031006386,2760.6428,31.357178,0.01135865,22.727757,1.9010359,15,NSI,GRASIM.NS,,
48,en-US,US,EQUITY,Equity,Delayed Quote,False,LOW,INR,1025.6,493.35,1.3 - Strong Buy,1.48,INR,SHRIRAM FINANCE LIMITED,1868004458496,0.0,0.0,15,Asia/Kolkata,IST,19800000,False,False,False,-0.29622447,False,1025495100000,2,-2.9499512,1767866401,992.9,1002.55,981.1 - 1002.55,981.1,3804452,995.85,,,in_market,finmb_9438360,NSE,Shriram Finance Limited,1001.4,8115633,6654558,[],499.55002,1.0125672,493.35 - 1025.6,-32.69995,-0.031883728,77.20697,1761904800.0,1769767200.0,1769767200.0,1761917400.0,1761917400.0,True,10.3,18.991968,14.7,0.010342924,PREPRE,52.28,59.69808,52.43305,18.936531,1881362101,322.11,869.098,123.802,0.14244884,703.6005,289.2995,0.4111701,16.632027,3.0824876,15,NSI,SHRIRAMFIN.NS,Shriram Transport Finance Company Limited,2026-01-08
49,en-US,US,EQUITY,Equity,Delayed Quote,False,LOW,INR,338.6,198.65,,0.16,INR,JIO FIN SERVICES LTD,1864964636672,0.0,0.0,15,Asia/Kolkata,IST,19800000,False,False,False,-3.2784224,False,1692589500000,2,-9.950012,1767866399,293.55,304.3,292.15 - 304.3,292.15,12248462,303.5,,,in_market,finmb_38296017,NSE,Jio Financial Services Limited,303.3,8581480,8121969,[],94.899994,0.4777246,198.65 - 338.6,-45.05002,-0.1330479,4.9265385,,1752490740.0,1752840000.0,1744898400.0,1744898400.0,True,0.0,116.48809,0.5,0.0,PREPRE,2.52,3.9,3.4,86.33823,6353141623,213.244,301.736,-8.186005,-0.027129693,295.188,-1.6380005,-0.005549008,75.269226,1.376592,15,NSI,JIOFIN.NS,,
50,en-US,US,EQUITY,Equity,Delayed Quote,False,LOW,INR,3909.0,2171.4,2.2 - Buy,0.26,INR,TVS MOTOR COMPANY  LTD,1805499760640,0.0,0.0,15,Asia/Kolkata,IST,19800000,False,False,False,-1.002552,False,965187900000,2,-38.5,1767866400,3801.7,3854.0,3791.9 - 3854.0,3791.9,367633,3840.2,0.0,0.0,in_market,finmb_878598,NSE,TVS Motor Company Limited,3840.2,752264,628130,[],1630.3,0.750806,2171.4 - 3909.0,-107.30005,-0.027449489,65.06695,1761645600.0,1769594400.0,1769594400.0,1761651000.0,1761651000.0,True,0.0,69.235115,10.0,0.0,PREPRE,54.91,91.82839,74.97007,50.709568,474919087,170.789,3590.328,211.37207,0.058872636,3164.3745,637.32544,0.20140645,41.40005,22.25963,15,NSI,TVSMOTOR.NS,,
53,en-US,US,EQUITY,Equity,Delayed Quote,False,LOW,INR,886.8,601.2,1.3 - Strong Buy,0.85,INR,DLF LIMITED,1714386763776,0.0,0.0,15,Asia/Kolkata,IST,19800000,False,False,False,-1.5428333,False,1183607100000,2,-10.849976,1767866398,692.4,713.75,690.0 - 713.75,690.0,3613672,703.25,0.0,0.0,in_market,finmb_26505741,NSE,DLF Limited,703.15,2172585,2302932,[],91.20001,0.15169662,601.2 - 886.8,-194.39996,-0.21921511,-9.914816,1761818400.0,1769767200.0,1769767200.0,1761906600.0,1761906600.0,True,6.0,40.023125,6.0,0.008531816,PREPRE,17.3,21.35381,17.51515,39.531494,2475311706,173.817,720.791,-28.390991,-0.03938866,751.4202,-59.020203,-0.07854487,32.42513,3.9835,15,NSI,DLF.NS,,
54,en-US,US,EQUITY,Equity,Delayed Quote,False,LOW,INR,608.75,419.55,1.4 - Strong Buy,0.39,INR,VARUN BEVERAGES LIMITED,1694038228992,0.0,0.0,15,Asia/Kolkata,IST,19800000,False,False,False,-1.7265092,False,1478576700000,2,-8.800018,1767866401,500.9,511.65,497.8 - 511.65,497.8,3510250,509.7,0.0,0.0,in_market,finmb_49550399,NSE,Varun Beverages Limited,510.25,5640329,5195507,[],81.350006,0.19389825,419.55 - 608.75,-107.850006,-0.17716633,-15.814686,1761732000.0,1761732000.0,1761732000.0,1761728400.0,1761728400.0,False,1.5,57.11516,2.0,0.0029429076,PREPRE,8.77,10.50849,8.92996,56.092075,3381988769,54.299,473.833,27.066986,0.05712347,483.69574,17.204254,0.035568338,47.66622,9.224848,15,NSI,VBL.NS,,
55,en-US,US,EQUITY,Equity,Delayed Quote,False,LOW,INR,820.75,584.3,1.5 - Buy,0.27,INR,HDFC LIFE INS CO LTD,1635387179008,0.0,0.0,15,Asia/Kolkata,IST,19800000,False,False,False,-1.8385384,False,1510890300000,2,-14.199951,1767866399,758.15,774.35,752.65 - 774.35,752.65,1983727,772.35,0.0,0.0,in_market,finmb_8707653,NSE,HDFC Life Insurance Company Limited,773.0,2549407,3192717,[],173.85004,0.29753557,584.3 - 820.75,-62.599976,-0.076271676,26.159752,1768471200.0,1768471200.0,1768471200.0,1744891200.0,1744891200.0,False,2.1,86.15341,2.1,0.0027189746,PREPRE,8.8,11.44571,9.74571,77.793205,2157076016,78.523,760.512,-2.3619995,-0.0031058018,756.97626,1.1737671,0.0015505996,66.23879,9.655133,15,NSI,HDFCLIFE.NS,,
56,en-US,US,EQUITY,Equity,Delayed Quote,False,LOW,INR,1177.55,758.0,1.4 - Strong Buy,,INR,ADANI GREEN ENERGY LTD,1629303734272,0.0,0.0,15,Asia/Kolkata,IST,19800000,False,False,False,-2.982734,False,1529293500000,2,-30.400024,1767866399,988.8,1024.1,982.9 - 1024.1,982.9,1993583,1019.2,0.0,0.0,in_market,finmb_314677034,NSE,Adani Green Energy Limited,1024.1,2659105,1210710,[],230.79999,0.30448547,758.0 - 1177.55,-188.75006,-0.16029048,4.2446613,1769508000.0,1769508000.0,1769508000.0,1745924340.0,1745924340.0,False,0.0,82.95302,,0.0,PREPRE,11.92,25.77011,15.86386,62.330353,1647176155,114.432,1039.222,-50.42206,-0.04851904,998.6495,-9.849487,-0.009862808,38.370033,8.64094,15,NSI,ADANIGREEN.NS,,
57,en-US,US,EQUITY,Equity,Delayed Quote,False,LOW,INR,155.52,108.04,,2.07,INR,INDIAN RAILWAY FIN CORP L,1624023236608,0.0,0.0,15,Asia/Kolkata,IST,19800000,False,False,False,-2.9443898,False,1611891900000,2,-3.7699966,1767866404,124.27,129.0,123.81 - 129.0,123.81,13160410,128.04,,,in_market,finmb_22613714,NSE,Indian Railway Finance Corporation Limited,128.04,12862475,42644692,[],16.229996,0.1502221,108.04 - 155.52,-31.250008,-0.20093884,-8.842373,1760522400.0,1760522400.0,1760522400.0,1760592600.0,1760592600.0,False,1.85,23.715649,2.65,0.014448611,PREPRE,5.24,6.9,5.9,21.062712,13068506000,42.999,119.6718,4.598198,0.038423404,127.47535,-3.2053528,-0.025144883,18.010143,2.890067,15,NSI,IRFC.NS,,
58,en-US,US,EQUITY,Equity,Delayed Quote,False,LOW,INR,448.0,306.3,1.9 - Buy,,,TATA MOTORS LIMITED,1602550628352,0.0,0.0,15,Asia/Kolkata,IST,19800000,False,False,False,-0.12621637,False,1762919100000,2,-0.5499878,1767866401,435.2,441.5,430.5 - 441.5,430.5,11209105,435.75,,,in_market,finmb_1873373443,NSE,,436.85,16417045,10155251,[],128.90002,0.42082936,306.3 - 448.0,-12.799988,-0.0285714,32.2659,,,,,,,0.0,6.9788327,,0.0,PREPRE,62.36,18.49974,16.8419,25.840317,3682331373,27.834,373.2927,61.90732,0.16584122,373.2927,61.90732,0.16584122,23.524654,15.635554,15,NSI,TMCV.NS,,
59,en-US,US,EQUITY,Equity,Delayed Quote,False,LOW,INR,311.8,190.7,1.6 - Buy,2.71,INR,BANK OF BARODA,1549441040384,0.0,0.0,15,Asia/Kolkata,IST,19800000,False,False,False,-2.8223884,False,1025495100000,2,-8.700012,1767866403,299.55,309.3,298.7 - 309.3,298.7,8062467,308.25,0.0,0.0,in_market,finmb_882698,NSE,Bank of Baroda Limited,307.0,9017756,8988164,[],108.84999,0.5707918,190.7 - 311.8,-12.25,-0.039288007,33.418453,1761904800.0,1769680800.0,1769680800.0,1761913800.0,1761913800.0,True,0.0,8.050255,8.35,0.0,PREPRE,37.21,39.8074,36.66861,8.169112,5171362179,307.356,289.693,9.856995,0.034025658,256.10626,43.443726,0.16963165,7.5249825,0.97460276,15,NSI,BANKBARODA.NS,Bank of Baroda,2026-01-08
60,en-US,US,EQUITY,Equity,Delayed Quote,False,LOW,INR,3995.0,1965.0,2.5 - Buy,0.66,INR,MUTHOOT FINANCE LIMITED,1547179261952,0.0,0.0,15,Asia/Kolkata,IST,19800000,False,False,False,-2.6842768,False,1304653500000,2,-106.30005,1767866401,3853.8,3954.7,3806.7 - 3954.7,3806.7,619108,3960.1,0.0,0.0,in_market,finmb_54460924,NSE,Muthoot Finance Limited,3950.0,549382,555557,[],1888.8,0.9612214,1965.0 - 3995.0,-141.19995,-0.03534417,85.47609,1763028000.0,1770804000.0,1770804000.0,1763033400.0,1763033400.0,True,0.0,21.109772,26.0,0.0,PREPRE,182.56,248.425,219.13902,17.586096,401468476,817.54,3661.134,192.66602,0.052624684,2873.734,980.06616,0.34104276,15.512932,4.713898,15,NSI,MUTHOOTFIN.NS,,
61,en-US,US,EQUITY,Equity,Delayed Quote,False,LOW,INR,388.15,234.01,2.0 - Buy,4.07,INR,BHARAT PETROLEUM CORP  LT,1538217213952,0.0,0.0,15,Asia/Kolkata,IST,19800000,False,False,False,-3.7072308,False,820554300000,2,-13.650024,1767866403,354.55,366.55,352.2 - 366.55,352.2,7713506,368.2,0.0,0.0,in_market,finmb_4481079,NSE,Bharat Petroleum Corporation Limited,366.2,7371926,6354608,[],120.53999,0.5151062,234.01 - 388.15,-33.600006,-0.08656449,31.500006,1761904800.0,1769076000.0,1769076000.0,1762147800.0,1762147800.0,True,12.5,7.1381116,15.0,0.03394894,PREPRE,49.67,43.59978,51.93457,6.826859,4338505488,219.838,366.377,-11.827026,-0.032281026,332.8785,21.671478,0.06510326,8.131922,1.6127784,15,NSI,BPCL.NS,,
62,en-US,US,EQUITY,Equity,Delayed Quote,False,LOW,INR,1574.95,1311.1,2.3 - Buy,0.66,INR,PIDILITE INDUSTRIES LTD,1527385292800,0.0,0.0,15,Asia/Kolkata,IST,19800000,False,False,False,-0.92421436,False,1025495100000,2,-14.0,1767866398,1500.8,1514.8,1490.0 - 1514.8,1490.0,493901,1514.8,0.0,0.0,in_market,finmb_878761,NSE,Pidilite Industries Limited,1514.8,535562,460245,[],189.70007,0.14468773,1311.1 - 1574.95,-74.1499,-0.0470808,2.411902,1761818400.0,1769594400.0,1769594400.0,1761906600.0,1761906600.0,True,0.0,68.81248,10.0,0.0,PREPRE,21.81,26.75793,23.81254,63.02562,1017714032,93.848,1468.978,31.822021,0.021662693,1500.5928,0.20727539,0.000138129,56.088047,15.991817,15,NSI,PIDILITIND.NS,,
63,en-US,US,EQUITY,Equity,Delayed Quote,False,LOW,INR,364.5,315.1,1.9 - Buy,,INR,TATA CAPITAL LIMITED,1494756360192,0.0,0.0,15,Asia/Kolkata,IST,19800000,False,False,False,-1.6916268,False,1760327100000,2,-6.100006,1767866399,354.5,364.5,353.0 - 364.5,353.0,5299718,360.6,,,in_market,finmb_35537963,NSE,,359.0,6594917,5321440,[],39.399994,0.12503965,315.1 - 364.5,-10.0,-0.027434843,9.10741,,,,,,,0.42,35.62814,,0.0011647254,PREPRE,9.95,15.976,11.72297,30.239777,4216520141,90.27,329.982,24.518005,0.07430104,329.61508,24.884918,0.075496905,22.189535,3.9271078,15,NSI,TATACAP.NS,,
64,en-US,US,EQUITY,Equity,Delayed Quote,False,LOW,INR,1831.5,1169.8,2.2 - Buy,0.11,INR,CHOLAMANDALAM IN & FIN CO,1480292564992,0.0,0.0,15,Asia/Kolkata,IST,19800000,False,False,False,-1.8191996,False,1025495100000,2,-32.5,1767866398,1754.0,1790.0,1735.5 - 1790.0,1735.5,1408237,1786.5,0.0,0.0,in_market,finmb_4493047,NSE,Cholamandalam Investment and Finance Company Limited,1790.0,1561861,1293874,[],584.19995,0.49940154,1169.8 - 1831.5,-77.5,-0.042315044,38.681877,1762423200.0,1770372000.0,1770372000.0,1762489800.0,1762489800.0,True,2.0,31.879316,2.0,0.0011195074,PREPRE,55.02,79.80561,60.94776,28.778744,843952471,308.193,1710.754,43.24597,0.025278894,1595.7362,158.2638,0.09917917,21.978405,5.691239,15,NSI,CHOLAFIN.NS,,
66,en-US,US,EQUITY,Equity,Delayed Quote,False,LOW,INR,6719.0,3930.1,2.5 - Buy,0.12,INR,TRENT LTD,1418870784000,0.0,0.0,15,Asia/Kolkata,IST,19800000,False,False,False,-1.7263908,False,1025495100000,2,-70.1001,1767866400,3990.4,4094.5,3980.0 - 4094.5,3980.0,862883,4060.5,0.0,0.0,in_market,finmb_20376352,NSE,Trent Limited,4078.8,913270,1327974,[],60.299805,0.015343071,3930.1 - 6719.0,-2728.6,-0.40610212,-38.67889,1762509600.0,1770285600.0,1770285600.0,,,True,0.0,87.73966,5.0,0.0,PREPRE,45.48,65.47386,50.98018,78.27356,355487461,171.62,4292.84,-302.43994,-0.07045218,5036.4014,-1046.0015,-0.20768827,60.946457,23.25137,15,NSI,TRENT.NS,,
67,en-US,US,EQUITY,Equity,Delayed Quote,False,LOW,INR,128.24,85.46,2.6 - Hold,2.31,INR,PUNJAB NATIONAL BANK,1412323999744,0.0,0.0,15,Asia/Kolkata,IST,19800000,False,False,False,-2.2835796,False,1025495100000,2,-2.8700027,1767866400,122.81,125.83,122.36 - 125.83,122.36,11530489,125.68,0.0,0.0,in_market,finmb_8033734,NSE,Punjab National Bank,125.8,16840787,15394996,[],37.35,0.43704656,85.46 - 128.24,-5.430008,-0.042342544,23.179459,1760781600.0,1760954400.0,1760954400.0,1760781600.0,1760781600.0,True,0.0,8.275606,2.9,0.0,PREPRE,14.84,15.94685,14.02345,8.757474,11492943268,123.783,121.8032,1.0067978,0.008265775,110.40225,12.407745,0.1123867,7.701207,0.99213946,15,NSI,PNB.NS,,
68,en-US,US,EQUITY,Equity,Delayed Quote,False,LOW,INR,1736.4,1209.4,2.5 - Hold,2.77,INR,TECH MAHINDRA LIMITED,1397653372928,0.0,0.0,15,Asia/Kolkata,IST,19800000,False,False,False,-2.9104066,False,1156736700000,2,-47.299927,1767866397,1577.9,1632.8,1574.5 - 1632.8,1574.5,1657034,1625.2,0.0,0.0,in_market,finmb_9406148,NSE,Tech Mahindra Limited,1625.0,1665928,894070,[],368.5,0.30469653,1209.4 - 1736.4,-158.5,-0.09128081,-1.0713398,1768557600.0,1768557600.0,1768557600.0,1768566600.0,1768566600.0,False,45.0,31.220816,45.0,0.0276889,PREPRE,50.54,73.98229,58.76612,26.850506,885485704,310.382,1527.234,50.666016,0.033175018,1515.1465,62.75354,0.041417476,21.328077,5.083736,15,NSI,TECHM.NS,,
69,en-US,US,EQUITY,Equity,Delayed Quote,False,LOW,INR,158.0,78.6,1.8 - Buy,2.62,INR,CANARA BANK,1364770291712,0.0,0.0,15,Asia/Kolkata,IST,19800000,False,False,False,-1.6344141,False,1040615100000,2,-2.5,1767866403,150.46,153.8,149.64 - 153.8,149.64,17296639,152.96,0.0,0.0,in_market,finmb_562937,NSE,Canara Bank,153.15,28077855,27817245,[],71.86001,0.9142495,78.6 - 158.0,-7.5399933,-0.047721475,59.76603,1761818400.0,1769508000.0,1769508000.0,1761820200.0,1761820200.0,True,0.0,6.3700256,4.0,0.0,PREPRE,23.62,21.59161,20.93661,7.1864552,9070651260,127.078,147.4274,3.032608,0.02057018,119.7287,30.731308,0.25667453,6.9684477,1.1839973,15,NSI,CANBK.NS,,
70,en-US,US,EQUITY,Equity,Delayed Quote,False,LOW,INR,4104.8,2886.45,1.8 - Buy,0.78,INR,TORRENT PHARMACEUTICALS L,1362716655616,0.0,0.0,15,Asia/Kolkata,IST,19800000,False,False,False,-1.6079383,False,1025495100000,2,-65.80005,1767866402,4026.4,4080.0,4015.7 - 4080.0,4015.7,202186,4092.2,0.0,0.0,in_market,finmb_878525,NSE,Torrent Pharmaceuticals Limited,4080.0,219613,214685,[],1139.95,0.39493147,2886.45 - 4104.8,-78.3999,-0.019099567,23.201513,1762509600.0,1769162400.0,1769162400.0,1762520400.0,1762520400.0,True,0.0,63.477848,32.0,0.0,PREPRE,63.43,89.37195,72.49755,55.538425,338445440,249.467,3767.88,258.52002,0.06861153,3505.9968,520.4031,0.14843227,45.052166,16.14001,15,NSI,TORNTPHARM.NS,,
71,en-US,US,EQUITY,Equity,Delayed Quote,False,LOW,INR,624.95,455.0,1.8 - Buy,0.36,INR,AMBUJA CEMENTS LTD,1351583137792,0.0,0.0,15,Asia/Kolkata,IST,19800000,False,False,False,-2.7224178,False,1025495100000,2,-15.299988,1767866403,546.7,562.0,545.15 - 562.0,545.15,1330245,562.0,0.0,0.0,in_market,finmb_878368,NSE,Ambuja Cements Limited,562.0,1696549,1862624,[],91.70001,0.20153849,455.0 - 624.95,-78.25,-0.12521002,6.9966674,1762164000.0,1769594400.0,1769594400.0,1753956000.0,1753956000.0,True,0.0,23.842129,2.0,0.0,PREPRE,22.93,19.25569,17.3875,31.442127,2471823478,227.549,551.651,-4.950989,-0.008974857,564.70624,-18.006226,-0.031886004,28.39161,2.4025595,15,NSI,AMBUJACEM.NS,,
72,en-US,US,EQUITY,Equity,Delayed Quote,False,LOW,INR,2725.2,2530.0,,,,ICICI PRUDENTIAL AMC LTD,1343592333312,0.0,0.0,15,Asia/Kolkata,IST,19800000,False,False,False,0.84208006,False,1766115900000,2,22.699951,1767866403,2718.4,2725.2,2681.0 - 2725.2,2681.0,626458,2695.7,,,in_market,finmb_11711790,NSE,,2699.7,3525656,617836,[],188.3999,0.07446636,2530.0 - 2725.2,-6.800049,-0.0024952476,4.246104,,,,,,,0.0,45.633705,,0.0,PREPRE,59.57,73.13333,63.46667,42.83193,494258520,199.236,2645.7644,72.6355,0.027453503,2645.7644,72.6355,0.027453503,37.170464,13.64412,15,NSI,ICICIAMC.NS,,
73,en-US,US,EQUITY,Equity,Delayed Quote,False,LOW,INR,1309.0,979.5,1.5 - Strong Buy,1.6,INR,GODREJ CONSUMER PRODUCTS,1272097669120,0.0,0.0,15,Asia/Kolkata,IST,19800000,False,False,False,-0.36066362,False,1025495100000,2,-4.5,1767866404,1243.2,1249.7,1230.6 - 1249.7,1230.6,680282,1247.7,0.0,0.0,in_market,finmb_8707650,NSE,Godrej Consumer Products Limited,1246.7,1316521,934954,[],263.69995,0.26921895,979.5 - 1309.0,-65.80005,-0.050267417,5.638814,1769162400.0,1769162400.0,1769162400.0,1769167800.0,1769167800.0,False,20.0,69.6861,20.0,0.016029496,PREPRE,17.84,25.81397,21.32023,58.31081,1023244581,118.898,1162.906,80.293945,0.069045946,1204.4272,38.772705,0.03219182,48.159966,10.45602,15,NSI,GODREJCP.NS,,
75,en-US,US,EQUITY,Equity,Delayed Quote,False,LOW,INR,12.8,6.12,3.4 - Hold,,INR,VODAFONE IDEA LIMITED,1247477497856,0.0,0.0,15,Asia/Kolkata,IST,19800000,False,False,False,0.3490398,False,1173411900000,2,0.03999996,1767866400,11.5,11.63,11.29 - 11.63,11.29,836038438,11.46,0.0,0.0,in_market,finmb_8536912,NSE,Vodafone Idea Limited,11.47,512803258,474208082,[],5.38,0.879085,6.12 - 12.8,-1.3000002,-0.101562515,44.696976,1762768800.0,1770804000.0,1770804000.0,1762851600.0,1762851600.0,True,0.0,,,0.0,PREPRE,-3.08,-2.23841,-2.47536,-4.645789,108343035001,-7.613,10.702,0.79800034,0.07456554,8.2465,3.2535,0.394531,-5.137575,-1.510574,15,NSI,IDEA.NS,,
76,en-US,US,EQUITY,Equity,Delayed Quote,False,LOW,INR,124.71,71.5,1.8 - Buy,0.92,INR,SAMVRDHNA MTHRSN INTL LTD,1246585290752,0.0,0.0,15,Asia/Kolkata,IST,19800000,False,False,False,-1.0389593,False,1025495100000,2,-1.2399979,1767866400,118.11,118.94,117.25 - 118.94,117.25,13949701,119.35,,,in_market,finmb_20356896,NSE,Samvardhana Motherson International Limited,118.0,16644127,13205351,[],46.61,0.65188813,71.5 - 124.71,-6.5999985,-0.05292277,20.377218,1763028000.0,1770890400.0,1770890400.0,1763035200.0,1763035200.0,True,0.0,41.010414,1.1,0.0,PREPRE,2.88,4.97228,3.76606,31.361687,10554442601,35.022,114.4726,3.6373978,0.03177527,102.43815,15.671852,0.15298843,23.75369,3.3724518,15,NSI,MOTHERSON.NS,Motherson Sumi Systems Limited,2026-01-08
77,en-US,US,EQUITY,Equity,Delayed Quote,False,LOW,INR,167.3,100.81,1.8 - Buy,2.86,INR,UNION BANK OF INDIA,1232522051584,0.0,0.0,15,Asia/Kolkata,IST,19800000,False,False,False,-2.9279115,False,1032839100000,2,-4.869995,1767866398,161.46,166.92,160.25 - 166.92,160.25,13384163,166.33,0.0,0.0,in_market,finmb_8819575,NSE,Union Bank of India,166.28,12637204,15470855,[],60.65001,0.60162693,100.81 - 167.3,-5.8399963,-0.03490733,53.92375,1761818400.0,1769508000.0,1769508000.0,1761816600.0,1761816600.0,True,4.75,6.6636405,4.75,0.028557686,PREPRE,24.23,23.44247,21.93931,7.359393,7633605607,164.786,153.0036,8.456406,0.055269323,140.8434,20.616608,0.14637965,6.8875,0.9798163,15,NSI,UNIONBANK.NS,,
79,en-US,US,EQUITY,Equity,Delayed Quote,False,LOW,INR,444.1,329.9,1.2 - Strong Buy,3.87,INR,POWER FIN CORP LTD.,1206022176768,0.0,0.0,15,Asia/Kolkata,IST,19800000,False,False,False,-3.0508025,False,1172202300000,2,-11.5,1767866399,365.45,379.5,363.1 - 379.5,363.1,7771830,376.95,0.0,0.0,in_market,finmb_8740995,NSE,Power Finance Corporation Limited,376.95,5885829,6926656,[],35.55002,0.10775998,329.9 - 444.1,-78.649994,-0.17709973,-10.664773,1762509600.0,1762509600.0,1762509600.0,1762507800.0,1762507800.0,False,16.4,4.872017,14.6,0.043507095,PREPRE,75.01,59.50241,55.80998,6.5481124,3300101760,384.794,363.766,1.684021,0.0046294075,397.64124,-32.191223,-0.080955446,6.141768,0.94972897,15,NSI,PFC.NS,,
80,en-US,US,EQUITY,Equity,Delayed Quote,False,LOW,INR,416.8,326.35,2.5 - Buy,0.59,INR,TATA POWER CO LTD,1196003819520,0.0,0.0,15,Asia/Kolkata,IST,19800000,False,False,False,-1.7202858,False,820467900000,2,-6.549988,1767866401,374.2,381.85,373.05 - 381.85,373.05,3788184,380.75,0.0,0.0,in_market,finmb_874401,NSE,Tata Power Company Limited,380.15,4496598,3914014,[],47.850006,0.14662173,326.35 - 416.8,-42.599976,-0.102207236,3.7042022,1762855200.0,1770112800.0,1770112800.0,1762864200.0,1762864200.0,True,0.0,29.511042,2.25,0.0,PREPRE,12.68,16.92081,14.05712,26.619963,3195339547,118.481,386.56,-12.359985,-0.0319743,390.39276,-16.192749,-0.041478097,22.11478,3.1583123,15,NSI,TATAPOWER.NS,The Tata Power Company Limited,2026-01-08
81,en-US,US,EQUITY,Equity,Delayed Quote,False,LOW,INR,1067.7,639.45,1.0 - Strong Buy,,INR,ADANI ENERGY SOLUTION LTD,1194435411968,0.0,0.0,15,Asia/Kolkata,IST,19800000,False,False,False,-3.7929378,False,1692157500000,2,-39.200012,1767866398,994.3,1032.0,988.0 - 1032.0,988.0,1182522,1033.5,,,in_market,finmb_283330012,NSE,Adani Energy Solutions Limited,1032.0,1323560,958040,[],354.84998,0.55493,639.45 - 1067.7,-73.39996,-0.068745874,37.524952,1769076000.0,1769076000.0,1769076000.0,1745578740.0,1745578740.0,False,0.0,52.86018,,0.0,PREPRE,18.81,30.956,20.1,49.46766,1201282642,194.438,994.99,-0.69000244,-0.00069347676,896.1225,98.17749,0.10955811,32.11978,5.1137123,15,NSI,ADANIENSOL.NS,Adani Transmission Limited,2026-01-08
82,en-US,US,EQUITY,Equity,Delayed Quote,False,LOW,INR,1220.9,926.05,1.9 - Buy,0.68,INR,TATA CONSUMER PRODUCT LTD,1184888651776,0.0,0.0,15,Asia/Kolkata,IST,19800000,False,False,False,-1.2535008,False,820467900000,2,-15.199951,1767866399,1197.4,1212.0,1193.0 - 1212.0,1193.0,562702,1212.6,,,in_market,finmb_121597,NSE,Tata Consumer Products Limited,1212.0,1271700,1221633,[],271.35004,0.2930188,926.05 - 1220.9,-23.5,-0.019248094,24.997425,1762164000.0,1769680800.0,1769680800.0,1762169400.0,1762169400.0,True,0.0,87.40147,8.25,0.0,PREPRE,13.7,20.70062,16.7134,71.64311,989551244,205.423,1171.226,26.174072,0.022347586,1124.5327,72.86731,0.064797856,57.843678,5.828948,15,NSI,TATACONSUM.NS,,
83,en-US,US,EQUITY,Equity,Delayed Quote,False,LOW,INR,1673.0,1335.0,2.4 - Buy,0.89,INR,CIPLA LTD,1179870822400,0.0,0.0,15,Asia/Kolkata,IST,19800000,False,False,False,-0.49731237,False,820467900000,2,-7.300049,1767866400,1460.6,1469.3,1458.0 - 1469.3,1458.0,2650908,1467.9,0.0,0.0,in_market,finmb_882504,NSE,Cipla Limited,1467.9,1340071,1591382,[],125.599976,0.09408238,1335.0 - 1673.0,-212.40002,-0.12695758,-1.3640642,1761818400.0,1769508000.0,1769508000.0,1761820200.0,1761820200.0,True,0.0,21.677055,13.0,0.0,PREPRE,67.38,64.15742,60.2319,24.249609,807771798,407.531,1510.796,-50.196045,-0.0332249,1518.797,-58.19702,-0.03831784,22.765879,3.5840218,15,NSI,CIPLA.NS,,
86,en-US,US,EQUITY,Equity,Delayed Quote,False,LOW,INR,4615.0,2580.0,2.2 - Buy,1.24,INR,CUMMINS INDIA LTD,1141582331904,0.0,0.0,15,Asia/Kolkata,IST,19800000,False,False,False,-0.7208444,False,1025495100000,2,-29.899902,1767866400,4118.0,4235.0,4096.0 - 4235.0,4096.0,1117624,4147.9,0.0,0.0,in_market,finmb_878459,NSE,Cummins India Limited,4148.0,528209,709856,[],1538.0,0.59612405,2580.0 - 4615.0,-497.0,-0.10769231,33.437347,1762423200.0,1770199200.0,1770199200.0,1762489800.0,1762489800.0,True,0.0,49.394264,51.5,0.0,PREPRE,83.37,100.1429,87.21457,47.21688,277200000,284.807,4402.768,-284.76807,-0.064679325,3721.906,396.094,0.10642235,41.12124,14.458914,15,NSI,CUMMINSIND.NS,,
88,en-US,US,EQUITY,Equity,Delayed Quote,False,LOW,INR,446.0,312.55,2.4 - Buy,,INR,INDUS TOWERS LIMITED,1136209690624,0.0,0.0,15,Asia/Kolkata,IST,19800000,False,False,False,0.43123686,False,1356666300000,2,1.8500061,1767866403,430.85,436.8,424.45 - 436.8,424.45,10696729,429.0,,,in_market,finmb_36435064,NSE,Indus Towers Limited,430.45,7174992,8605829,[],118.30002,0.3784995,312.55 - 446.0,-15.149994,-0.033968598,29.685616,1761559200.0,1761559200.0,1761559200.0,1761642000.0,1761642000.0,False,0.0,12.157167,,0.0,PREPRE,35.44,29.40802,26.99909,15.957946,2637135108,136.893,407.743,23.106995,0.056670487,382.80774,48.042267,0.12549973,14.650765,3.1473486,15,NSI,INDUSTOWER.NS,Bharti Infratel Limited,2026-01-08
89,en-US,US,EQUITY,Equity,Delayed Quote,False,LOW,INR,118.38,65.89,,1.94,INR,IDBI BANK LIMITED,1125023875072,0.0,0.0,15,Asia/Kolkata,IST,19800000,False,False,False,-3.2279,False,820467900000,2,-3.4900055,1767866404,104.63,108.25,103.63 - 108.25,103.63,16437349,108.12,0.0,0.0,in_market,finmb_706153,NSE,IDBI Bank Limited,107.7,15212957,28312783,[],38.739998,0.5879496,65.89 - 118.38,-13.75,-0.11615138,47.563805,,1753095540.0,1753444800.0,,,True,0.0,12.109953,2.1,0.0,PREPRE,8.64,4.9,,,10752402175,63.28,100.6338,3.9962006,0.039710324,93.612,11.017998,0.117698565,21.35306,1.653445,15,NSI,IDBI.NS,,
90,en-US,US,EQUITY,Equity,Delayed Quote,False,LOW,INR,894.85,473.9,1.5 - Strong Buy,1.88,INR,INDIAN BANK,1115880423424,0.0,0.0,15,Asia/Kolkata,IST,19800000,False,False,False,-4.2331686,False,1172720700000,2,-36.599976,1767866403,828.0,862.5,826.1 - 862.5,826.1,1354625,864.6,0.0,0.0,in_market,finmb_8859542,NSE,Indian Bank,858.0,2067742,2459111,[],354.1,0.74720407,473.9 - 894.85,-66.849976,-0.074705236,72.79904,1760608800.0,1768471200.0,1768471200.0,1760617800.0,1760617800.0,True,16.25,9.893655,16.25,0.01879482,PREPRE,83.69,97.03077,88.81154,9.3231125,1346963981,570.718,835.576,-7.575989,-0.009066786,696.662,131.33801,0.18852472,8.533376,1.450804,15,NSI,INDIANB.NS,,
91,en-US,US,EQUITY,Equity,Delayed Quote,False,LOW,INR,2967.25,1781.525,1.9 - Buy,1.71,INR,HDFC AMC LIMITED,1106857689088,0.0,0.0,15,Asia/Kolkata,IST,19800000,False,False,False,-1.5850071,False,1533527100000,2,-41.600098,1767866398,2583.0,2625.2,2567.0 - 2625.2,2567.0,831401,2624.6,0.0,0.0,in_market,finmb_13622519,NSE,HDFC Asset Management Company Limited,2619.1,914269,650687,[],801.475,0.4498814,1781.525 - 2967.25,-384.25,-0.129497,32.877686,1768384800.0,1768384800.0,1768384800.0,1768303800.0,1768303800.0,False,0.0,40.334164,45.0,0.0,PREPRE,64.04,79.21874,68.94226,37.466133,428308492,180.809,2663.122,-80.12207,-0.030085767,2604.1882,-21.188232,-0.008136214,32.60592,14.285793,15,NSI,HDFCAMC.NS,,
92,en-US,US,EQUITY,Equity,Delayed Quote,False,LOW,INR,3030.0,1227.3334,2.1 - Buy,0.22,INR,BSE LIMITED,1094111789056,0.0,0.0,15,Asia/Kolkata,IST,19800000,False,False,False,-1.8543446,False,1486093500000,2,-50.899902,1767866400,2694.0,2787.0,2686.4 - 2787.0,2686.4,3712418,2744.9,0.0,0.0,in_market,finmb_22512362,NSE,BSE Limited,2744.9,4729581,2773870,[],1466.6666,1.1950027,1227.3334 - 3030.0,-336.0,-0.11089109,58.199894,,1754391540.0,1754740800.0,1746538200.0,1746538200.0,True,0.0,61.732357,6.0,0.0,PREPRE,43.64,62.59107,54.08669,49.80893,406129077,155.005,2709.974,-15.974121,-0.005894566,2457.6128,236.3872,0.0961857,43.041286,17.380083,15,NSI,BSE.NS,,
93,en-US,US,EQUITY,Equity,Delayed Quote,False,LOW,INR,1531.0,1035.15,1.6 - Buy,0.38,INR,LODHA DEVELOPERS LIMITED,1089128038400,0.0,0.0,15,Asia/Kolkata,IST,19800000,False,False,False,-1.8633606,False,1618803900000,2,-20.700073,1767866400,1090.2,1128.8,1085.1 - 1128.8,1085.1,1683015,1110.9,,,in_market,finmb_73049509,NSE,Lodha Developers Limited,1114.0,1121382,1282693,[],55.049927,0.053180628,1035.15 - 1531.0,-440.80005,-0.28791642,-15.153133,1761818400.0,1769680800.0,1769680800.0,1761895800.0,1761895800.0,True,4.25,32.709267,4.25,0.003825727,PREPRE,33.33,41.84525,33.99249,32.07179,998489289,213.103,1136.238,-46.038086,-0.040517993,1248.7932,-158.59326,-0.12699722,26.053135,5.1158357,15,NSI,LODHA.NS,Macrotech Developers Limited,2026-01-08
94,en-US,US,EQUITY,Equity,Delayed Quote,False,LOW,INR,191.8,95.93,1.8 - Buy,1.68,INR,ASHOK LEYLAND LTD,1083843674112,0.0,0.0,15,Asia/Kolkata,IST,19800000,False,False,False,-0.85965556,False,1025495100000,2,-1.5999908,1767866403,184.52,186.3,184.01 - 186.3,184.01,9089521,186.12,0.0,0.0,in_market,finmb_878449,NSE,Ashok Leyland Limited,186.0,16280154,19265365,[],88.590004,0.92348593,95.93 - 191.8,-7.279999,-0.037956197,73.6194,1762941600.0,1770890400.0,1770890400.0,1762946100.0,1762946100.0,True,3.125,33.246845,3.13,0.016790243,PREPRE,5.55,7.18525,6.04128,30.543198,5873854552,21.478,160.0414,24.478607,0.15295172,133.1469,51.373108,0.38583782,25.680387,8.591117,15,NSI,ASHOKLEY.NS,,
95,en-US,US,EQUITY,Equity,Delayed Quote,False,LOW,INR,110.36,67.75,1.5 - Strong Buy,,INR,GMR AIRPORTS LIMITED,1082773012480,0.0,0.0,15,Asia/Kolkata,IST,19800000,False,False,False,-1.9136925,False,1156131900000,2,-2.0,1767866403,102.51,104.99,102.15 - 104.99,102.15,5255282,104.51,,,in_market,finmb_23927626,NSE,GMR Airports Limited,104.11,19578073,14673797,[],34.760002,0.5130628,67.75 - 110.36,-7.8499985,-0.07113083,37.36856,1763028000.0,1769594400.0,1769594400.0,1763091000.0,1763091000.0,True,0.0,,,0.0,PREPRE,-0.13,0.64544,0.2417,424.12082,10558975952,-2.948,101.406,1.1040039,0.010886968,91.45495,11.055054,0.12087978,158.8219,-34.772728,15,NSI,GMRAIRPORT.NS,GMR Infrastructure Limited,2026-01-08
96,en-US,US,EQUITY,Equity,Delayed Quote,False,LOW,INR,202.79,150.52,1.8 - Buy,4.45,INR,GAIL (INDIA) LTD,1075222740992,0.0,0.0,15,Asia/Kolkata,IST,19800000,False,False,False,-2.9380326,False,859952700000,2,-4.949997,1767866403,163.53,168.42,163.05 - 168.42,163.05,9683749,168.48,0.0,0.0,in_market,finmb_7685716,NSE,GAIL (India) Limited,168.03,8944018,6236503,[],13.0099945,0.08643366,150.52 - 202.79,-39.259995,-0.19359927,-7.9444885,1761904800.0,1769680800.0,1769680800.0,1761906600.0,1761906600.0,True,0.0,9.851205,7.5,0.0,PREPRE,16.6,17.76103,14.84553,11.015437,6575079643,134.062,175.7846,-12.254608,-0.06971377,180.72675,-17.196747,-0.0951533,9.207236,1.2198088,15,NSI,GAIL.NS,,
97,en-US,US,EQUITY,Equity,Delayed Quote,False,LOW,INR,3766.1301,2450.0,2.5 - Buy,0.38,INR,SIEMENS LTD,1071813165056,0.0,0.0,15,Asia/Kolkata,IST,19800000,False,False,False,-3.9603043,False,915421500000,2,-124.1001,1767866399,3009.5,3152.5,2990.8 - 3152.5,2990.8,581789,3133.6,0.0,0.0,in_market,finmb_878441,NSE,Siemens Limited,3130.0,350265,220067,[],559.5,0.22836734,2450.0 - 3766.1301,-756.6301,-0.20090388,-14.45387,1763114400.0,1770199200.0,1770199200.0,1734670800.0,1734670800.0,True,0.0,63.5989,12.0,0.0,PREPRE,47.32,67.17483,59.73934,50.377186,356120505,346.489,3156.084,-146.58398,-0.046444893,3126.9275,-117.42749,-0.037553634,44.801006,8.685701,15,NSI,SIEMENS.NS,,
