,language,region,quoteType,typeDisp,quoteSourceName,triggerable,customPriceAlertConfidence,currency,financialCurrency,shortName,regularMarketChangePercent,hasPrePostMarketData,firstTradeDateMilliseconds,priceHint,regularMarketChange,regularMarketTime,regularMarketPrice,regularMarketDayHigh,regularMarketDayRange,regularMarketDayLow,regularMarketVolume,regularMarketPreviousClose,bidSize,askSize,market,messageBoardId,fullExchangeName,longName,regularMarketOpen,averageDailyVolume3Month,averageDailyVolume10Day,corporateActions,fiftyTwoWeekLowChange,fiftyTwoWeekLowChangePercent,fiftyTwoWeekRange,fiftyTwoWeekHighChange,fiftyTwoWeekHighChangePercent,fiftyTwoWeekChangePercent,earningsTimestamp,earningsTimestampStart,earningsTimestampEnd,earningsCallTimestampStart,earningsCallTimestampEnd,isEarningsDateEstimate,trailingAnnualDividendRate,trailingPE,dividendRate,trailingAnnualDividendYield,marketState,epsTrailingTwelveMonths,epsForward,epsCurrentYear,priceEpsCurrentYear,sharesOutstanding,bookValue,fiftyDayAverage,fiftyDayAverageChange,fiftyDayAverageChangePercent,twoHundredDayAverage,twoHundredDayAverageChange,twoHundredDayAverageChangePercent,forwardPE,priceToBook,sourceInterval,exchangeDataDelayedBy,exchangeTimezoneName,exchangeTimezoneShortName,gmtOffSetMilliseconds,esgPopulated,tradeable,cryptoTradeable,ask,marketCap,bid,exchange,fiftyTwoWeekHigh,fiftyTwoWeekLow,averageAnalystRating,dividendYield,symbol,prevName,nameChangeDate
0,en-US,US,EQUITY,Equity,Free Realtime Quote,FALSE,LOW,INR,INR,RELIANCE INDUSTRIES LTD,-2.2202954,FALSE,8.20468E+11,2,-33.399902,1767861760,1470.8,1503.9,1468.8 - 1503.9,1468.8,11786494,1504.2,0,0,in_market,finmb_878373,NSE,Reliance Industries Limited,1500,10275876,9244790,[],355.95007,0.31928068,1114.85 - 1611.8,-141,-0.08747984,19.88045,1760695200,1768471200,1768471200,1745592300,1745592300,TRUE,0,23.966108,5.5,0,REGULAR,61.37,67.49138,59.92513,24.54396,13532472634,648.12,1535.17,-64.369995,-0.041930206,1434.469,36.331055,0.02532718,21.792414,2.269333,15,15,Asia/Kolkata,IST,19800000,FALSE,FALSE,FALSE,1470.9,1.99043E+13,1470.7,NSI,1611.8,1114.85,1.4 - Strong Buy,0.37,RELIANCE.NS,,
1,en-US,US,EQUITY,Equity,Free Realtime Quote,FALSE,LOW,INR,INR,HDFC BANK LTD,-0.01580142,FALSE,8.20468E+11,2,-0.14996338,1767861760,948.9,953,941.4 - 953.0,941.4,15789197,949.05,0,0,in_market,finmb_101677,NSE,HDFC Bank Limited,944.7,19189732,22047812,[],136.75,0.16838022,812.15 - 1020.5,-71.599976,-0.07016166,13.808608,1768644000,1768644000,1768644000,1760790600,1760790600,FALSE,11,21.689144,11,0.011590538,REGULAR,43.75,57.65,49.15,19.306206,15384537807,354.079,992.167,-43.266968,-0.043608554,978.0675,-29.16748,-0.029821541,16.459671,2.6799104,15,15,Asia/Kolkata,IST,19800000,FALSE,FALSE,FALSE,948.95,1.45984E+13,948.95,NSI,1020.5,812.15,1.4 - Strong Buy,1.16,HDFCBANK.NS,,
2,en-US,US,EQUITY,Equity,Free Realtime Quote,FALSE,LOW,INR,INR,BHARTI AIRTEL LIMITED,-0.7964999,FALSE,1.0255E+12,2,-16.599854,1767861758,2067.6,2092,2055.0 - 2092.0,2055,3680143,2084.2,0,0,in_market,finmb_135466,NSE,Bharti Airtel Limited,2088,7168066,3844648,[],508.1001,0.32580963,1559.5 - 2174.5,-106.8999,-0.04916068,29.691051,1770285600,1770285600,1770285600,1762241400,1762241400,FALSE,16,32.210625,16,0.007676807,REGULAR,64.19,67.88557,47.45744,43.56746,5698969219,203.273,2100.17,-32.569824,-0.015508185,1950.512,117.088135,0.060029436,30.457138,10.171543,15,15,Asia/Kolkata,IST,19800000,FALSE,FALSE,FALSE,2067.7,1.25939E+13,2067.2,NSI,2174.5,1559.5,1.7 - Buy,0.77,BHARTIARTL.NS,,
3,en-US,US,EQUITY,Equity,Free Realtime Quote,FALSE,LOW,INR,INR,TATA CONSULTANCY SERV LT,-2.8548052,FALSE,1.02912E+12,2,-94.1001,1767861761,3201.5,3286.9,3182.0 - 3286.9,3182,3251470,3295.6,0,0,in_market,finmb_6411769,NSE,Tata Consultancy Services Limited,3286.9,2779440,2123321,[],334.8999,0.11682826,2866.6 - 4322.95,-1121.4502,-0.2594178,-18.402517,1768212000,1768212000,1768212000,1768224600,1768224600,FALSE,62,23.407911,62,0.018812962,REGULAR,136.77,152.81805,142.60503,22.45012,3618087518,294.119,3170.41,31.090088,0.00980633,3218.7473,-17.247314,-0.005358393,20.949749,10.885051,15,15,Asia/Kolkata,IST,19800000,FALSE,FALSE,FALSE,3201.7,1.15833E+13,3203.2,NSI,4322.95,2866.6,2.0 - Buy,1.88,TCS.NS,,
4,en-US,US,EQUITY,Equity,Free Realtime Quote,FALSE,LOW,INR,INR,ICICI BANK LTD.,0.7635209,FALSE,1.0255E+12,2,10.900024,1767861760,1438.6,1440.5,1423.3 - 1440.5,1423.3,11526664,1427.7,0,0,in_market,finmb_411168,NSE,ICICI Bank Limited,1429,10886255,9560172,[],252.59998,0.2129848,1186.0 - 1500.0,-61.400024,-0.04093335,13.094103,1768644000,1768644000,1768644000,1760787000,1760787000,FALSE,0,19.453686,11,0,REGULAR,73.95,80.70841,72.34082,19.886421,7150973992,469.65,1366.046,72.553955,0.05311238,1402.7415,35.85852,0.025563171,17.82466,3.063132,15,15,Asia/Kolkata,IST,19800000,FALSE,FALSE,FALSE,1438.6,1.02874E+13,1438.8,NSI,1500,1186,1.4 - Strong Buy,0.77,ICICIBANK.NS,,
5,en-US,US,EQUITY,Equity,Free Realtime Quote,FALSE,LOW,INR,INR,STATE BANK OF INDIA,-0.8641252,FALSE,8.20468E+11,2,-8.700012,1767861760,998.45,1011.6,996.05 - 1011.6,996.05,4882402,1007.15,0,0,in_market,finmb_874487,NSE,State Bank of India,1006.6,9502167,7756570,[],318.45,0.46830884,680.0 - 1024.0,-25.549988,-0.02495116,32.44132,1762250400,1762250400,1762250400,1762256700,1762256700,FALSE,15.9,11.10129,15.9,0.01578712,REGULAR,89.94,89.79421,81.58478,12.23819,9230617586,616.765,969.408,29.041992,0.029958481,856.44025,142.00977,0.16581398,11.119313,1.61885,15,15,Asia/Kolkata,IST,19800000,FALSE,FALSE,FALSE,998.45,9.21631E+12,998.1,NSI,1024,680,1.5 - Buy,1.58,SBIN.NS,,
6,en-US,US,EQUITY,Equity,Free Realtime Quote,FALSE,LOW,INR,USD,INFOSYS LIMITED,-1.6351464,FALSE,8.20468E+11,2,-26.800049,1767861758,1612.2,1644.3,1611.0 - 1644.3,1611,2525736,1639,0,0,in_market,finmb_398006,NSE,Infosys Limited,1638.9,8052170,4786587,[],305.19995,0.23351182,1307.0 - 1982.8,-370.6001,-0.18690746,-14.515203,1768384800,1768384800,1768384800,1768393800,1768393800,FALSE,0.52,22.6115,45,0.000317267,REGULAR,71.3,75.51562,69.97686,23.039043,4045576496,253.06528,1573.728,38.471924,0.02444636,1532.075,80.125,0.052298356,21.349226,6.370688,15,15,Asia/Kolkata,IST,19800000,FALSE,FALSE,FALSE,1612.1,6.52228E+12,1611.5,NSI,1982.8,1307,1.8 - Buy,2.75,INFY.NS,,
7,en-US,US,EQUITY,Equity,Free Realtime Quote,FALSE,LOW,INR,INR,BAJAJ FINANCE LIMITED,0.123865835,FALSE,1.0255E+12,2,1.2000122,1767861758,970,978.35,965.3 - 978.35,965.3,2996894,968.8,0,0,in_market,finmb_881576,NSE,Bajaj Finance Limited,968.5,6803512,7623839,[],259.47998,0.36519727,710.52 - 1102.5,-132.5,-0.120181404,33.123554,1762768800,1769594400,1769594400,1762779600,1762779600,TRUE,4.4,32.93718,4.4,0.004541701,REGULAR,29.45,41.38188,33.90663,28.607973,6215134963,166.188,1015.511,-45.510986,-0.04481585,956.4233,13.576721,0.014195306,23.44021,5.836763,15,15,Asia/Kolkata,IST,19800000,FALSE,FALSE,FALSE,969.95,6.02868E+12,969.9,NSI,1102.5,710.52,2.4 - Buy,0.45,BAJFINANCE.NS,,
8,en-US,US,EQUITY,Equity,Free Realtime Quote,FALSE,LOW,INR,INR,LARSEN & TOUBRO LTD.,-1.3254455,FALSE,1.0255E+12,2,-55.100098,1767861759,4101.9,4169.9,4098.0 - 4169.9,4098,822929,4157,0,0,in_market,finmb_874836,NSE,Larsen & Toubro Limited,4160,1527051,1111060,[],1136.5999,0.38330013,2965.3 - 4195.0,-93.1001,-0.02219311,17.832136,1761732000,1769680800,1769680800,1746701940,1746701940,TRUE,0,34.380184,34,0,REGULAR,119.31,160.94012,132.29875,31.004827,1375580872,736.989,4029.814,72.08594,0.017888155,3686.727,415.17285,0.11261285,25.487118,5.5657544,15,15,Asia/Kolkata,IST,19800000,FALSE,FALSE,FALSE,4100.6,5.6425E+12,4100.6,NSI,4195,2965.3,1.7 - Buy,0.82,LT.NS,,
9,en-US,US,EQUITY,Equity,Free Realtime Quote,FALSE,LOW,INR,INR,HINDUSTAN UNILEVER LTD.,-0.15003142,FALSE,8.20468E+11,2,-3.5998535,1767861759,2395.8,2418.1,2368.1 - 2418.1,2368.1,659922,2399.4,0,0,in_market,finmb_878395,NSE,Hindustan Unilever Limited,2389,1539541,1117228,[],259.80005,0.12162924,2136.0 - 2750.0,-354.19995,-0.12879997,-1.4781952,1761213600,1769076000,1769076000,1745490600,1745490600,TRUE,43,51.733967,43,0.017921148,REGULAR,46.31,50.13633,45.12568,53.091724,2349591262,207.383,2376.856,18.944092,0.007970232,2434.3757,-38.575684,-0.015846232,47.78571,11.552539,15,15,Asia/Kolkata,IST,19800000,FALSE,FALSE,FALSE,2396.3,5.62926E+12,2394.5,NSI,2750,2136,1.9 - Buy,1.79,HINDUNILVR.NS,,
10,en-US,US,EQUITY,Equity,Free Realtime Quote,FALSE,LOW,INR,INR,LIFE INSURA CORP OF INDIA,-1.5669976,FALSE,1.65276E+12,2,-13.350037,1767861759,838.6,851.3,835.1 - 851.3,835.1,602871,851.95,,,in_market,finmb_8033827,NSE,Life Insurance Corporation of India,850.1,1292777,847761,[],123.29999,0.17237522,715.3 - 980.0,-141.40002,-0.14428574,1.0496974,1762423200,1762423200,1762423200,1762435800,1762435800,FALSE,0,10.383853,12,0,REGULAR,80.76,90.96523,83.37588,10.058064,6324997701,192.552,878.309,-39.709045,-0.04521079,883.0325,-44.432495,-0.050318077,9.218906,4.355187,15,15,Asia/Kolkata,IST,19800000,FALSE,FALSE,FALSE,838.6,5.30414E+12,838.75,NSI,980,715.3,1.7 - Buy,1.41,LICI.NS,,
11,en-US,US,EQUITY,Equity,Free Realtime Quote,FALSE,LOW,INR,INR,MARUTI SUZUKI INDIA LTD.,-0.8744795,FALSE,1.05772E+12,2,-147,1767861760,16662,16808,16541.0 - 16808.0,16541,174339,16809,0,0,in_market,finmb_4863668,NSE,Maruti Suzuki India Limited,16808,333941,368963,[],5602.55,0.5065848,11059.45 - 17370.0,-708,-0.040759932,43.170464,1761904800,1769680800,1769680800,1761913800,1761913800,TRUE,0,35.402103,135,0,REGULAR,470.65,608.1767,508.12888,32.790894,314402574,3172.502,16177.7,484.2998,0.029936258,14174.397,2487.6025,0.17549971,27.396643,5.252006,15,15,Asia/Kolkata,IST,19800000,FALSE,FALSE,FALSE,16663,5.23858E+12,16663,NSI,17370,11059.45,1.8 - Buy,0.8,MARUTI.NS,,
12,en-US,US,EQUITY,Equity,Free Realtime Quote,FALSE,LOW,INR,USD,HCL TECHNOLOGIES LTD,0.29124743,FALSE,1.02912E+12,2,4.800049,1767861760,1652.5,1660.6,1635.4 - 1660.6,1635.4,2216346,1647.7,0,0,in_market,finmb_777058,NSE,HCL Technologies Limited,1653.3,2309693,2002161,[],349.75,0.26847056,1302.75 - 2012.2,-359.69995,-0.17875955,-14.838743,1768212000,1768212000,1768212000,1768226400,1768226400,FALSE,0.612,26.393547,48,0.000371427,REGULAR,62.61,72.76987,64.4221,25.651136,2705510289,267.30978,1622.29,30.20996,0.0186218,1561.4723,91.02771,0.058296077,22.708576,6.181966,15,15,Asia/Kolkata,IST,19800000,FALSE,FALSE,FALSE,1652.8,4.47713E+12,1652.6,NSI,2012.2,1302.75,2.4 - Buy,2.91,HCLTECH.NS,,
13,en-US,US,EQUITY,Equity,Free Realtime Quote,FALSE,LOW,INR,INR,MAHINDRA & MAHINDRA LTD,-0.41615796,FALSE,8.20468E+11,2,-15.600098,1767861758,3733.2,3756.8,3693.2 - 3756.8,3693.2,879599,3748.8,0,0,in_market,finmb_878402,NSE,Mahindra & Mahindra Limited,3730,1985535,1410328,[],1308.2,0.5394639,2425.0 - 3839.9,-106.69995,-0.02778717,19.904041,1762250400,1762250400,1762250400,1753966800,1753966800,FALSE,0,29.551174,25.3,0,REGULAR,126.33,140.82053,122.94882,30.363853,1200046280,741.994,3669.736,63.463867,0.01729385,3316.803,416.39697,0.12554167,26.51034,5.031307,15,15,Asia/Kolkata,IST,19800000,FALSE,FALSE,FALSE,3733.2,4.48001E+12,3731.9,NSI,3839.9,2425,1.4 - Strong Buy,0.67,M&M.NS,,
14,en-US,US,EQUITY,Equity,Free Realtime Quote,FALSE,LOW,INR,INR,ITC LTD,-0.014648438,FALSE,8.20468E+11,2,-0.049987793,1767861760,341.2,345.15,339.05 - 345.15,339.05,28584422,341.25,0,0,in_market,finmb_878153,NSE,ITC Limited,341.5,19206584,64876051,[],3.4500122,0.010214692,337.75 - 471.5,-130.29999,-0.27635205,-24.183517,1761818400,1769680800,1769680800,,,TRUE,7.85,21.179392,15.7,0.023003662,REGULAR,16.11,17.99955,16.72314,20.402866,12528959771,56.707,399.4,-58.19998,-0.14571853,411.93274,-70.73273,-0.1717094,18.95603,6.016894,15,15,Asia/Kolkata,IST,19800000,FALSE,FALSE,FALSE,340.95,4.27488E+12,341.1,NSI,471.5,337.75,1.4 - Strong Buy,4.6,ITC.NS,,
15,en-US,US,EQUITY,Equity,Free Realtime Quote,FALSE,LOW,INR,INR,KOTAK MAHINDRA BANK LTD,-0.643719,FALSE,9.94046E+11,2,-13.800049,1767861760,2130.2,2143,2118.6 - 2143.0,2118.6,1465873,2144,0,0,in_market,finmb_932131,NSE,Kotak Mahindra Bank Limited,2140.1,2864948,2626351,"[{'header': 'Stock split', 'message': 'KOTAKBANK.NS announces 5 for 1 split effective Jan. 14, 2026', 'meta': {'eventType': 'SPLIT', 'dateEpochMs': 1768329000000, 'splitRatio': '5:1'}}]",406.44995,0.23579402,1723.75 - 2301.9,-171.69995,-0.074590534,19.76316,1761386400,1768644000,1768644000,1761391800,1761391800,TRUE,0,22.787762,2.5,0,REGULAR,93.48,108.548,82.64872,25.774143,1988752989,845.015,2133.284,-3.0839844,-0.001445651,2104.0183,26.18164,0.012443638,19.624498,2.520902,15,15,Asia/Kolkata,IST,19800000,FALSE,FALSE,FALSE,2130.5,4.23644E+12,2130.6,NSI,2301.9,1723.75,2.0 - Buy,0.12,KOTAKBANK.NS,,
16,en-US,US,EQUITY,Equity,Free Realtime Quote,FALSE,LOW,INR,INR,SUN PHARMACEUTICAL IND L,-0.9478952,FALSE,8.20468E+11,2,-16.900024,1767861756,1765.7,1778.6,1760.2 - 1778.6,1760.2,1405362,1782.6,0,0,in_market,finmb_141232,NSE,Sun Pharmaceutical Industries Limited,1766,1867307,1818080,[],217.69995,0.14063305,1548.0 - 1851.2,-85.5,-0.046186257,-2.3954868,1762336800,1762336800,1762336800,1762347600,1762347600,FALSE,0,40.432793,16,0,REGULAR,43.67,56.20265,48.58126,36.345287,2399334970,324.462,1756.428,9.271973,0.00527888,1695.7362,69.963745,0.041258626,31.416668,5.4419312,15,15,Asia/Kolkata,IST,19800000,FALSE,FALSE,FALSE,1766,4.23651E+12,1765.5,NSI,1851.2,1548,1.7 - Buy,0.9,SUNPHARMA.NS,,
17,en-US,US,EQUITY,Equity,Free Realtime Quote,FALSE,LOW,INR,INR,AXIS BANK LIMITED,-0.47857592,FALSE,9.12138E+11,2,-6.199951,1767861760,1289.3,1303.2,1283.8 - 1303.2,1283.8,2781501,1295.5,0,0,in_market,finmb_3729884,NSE,Axis Bank Limited,1291.1,5194346,4390199,[],355.80005,0.38114628,933.5 - 1304.6,-15.299927,-0.011727677,22.015535,1760522400,1768471200,1768471200,1760532600,1760532600,TRUE,0,15.453674,1,0,REGULAR,83.43,108,86,14.991861,3105220003,643.264,1254.454,34.84607,0.027777879,1176.2402,113.059814,0.096119665,11.9379635,2.0043094,15,15,Asia/Kolkata,IST,19800000,FALSE,FALSE,FALSE,1289.3,4.00356E+12,1288.5,NSI,1304.6,933.5,1.5 - Buy,0.08,AXISBANK.NS,,
18,en-US,US,EQUITY,Equity,Free Realtime Quote,FALSE,LOW,INR,INR,TITAN COMPANY LIMITED,-0.3603779,FALSE,8.20468E+11,2,-15.400391,1767861760,4257.8,4303.2,4248.3 - 4303.2,4248.3,744991,4273.2,0,0,in_market,finmb_708276,NSE,Titan Company Limited,4273.2,859070,1214979,[],1332.7998,0.45565805,2925.0 - 4312.1,-54.300293,-0.01259254,22.54485,1762164000,1770199200,1770199200,1762223400,1762223400,TRUE,0,91.408325,11,0,REGULAR,46.58,66.39327,54.44148,78.20875,887045260,144.377,3893.004,364.7959,0.093705505,3592.9517,664.84814,0.18504234,64.12999,29.490847,15,15,Asia/Kolkata,IST,19800000,FALSE,FALSE,FALSE,4257.7,3.77686E+12,4257.6,NSI,4312.1,2925,1.7 - Buy,0.26,TITAN.NS,,
19,en-US,US,EQUITY,Equity,Free Realtime Quote,FALSE,LOW,INR,INR,ULTRATECH CEMENT LIMITED,-1.0014776,FALSE,1.02912E+12,2,-122,1767861761,12062,12188,12034.0 - 12188.0,12034,111984,12184,0,0,in_market,finmb_13192517,NSE,UltraTech Cement Limited,12165,211940,205870,[],2014.1504,0.20045586,10047.85 - 13097.0,-1035,-0.07902573,8.207965,1769248800,1769248800,1769248800,1769250600,1769250600,FALSE,0,48.52947,77.5,0,REGULAR,248.55,383.92337,287.54388,41.94838,294088757,2448.889,11736.8,325.2002,0.02770774,11974.219,87.78125,0.007330854,31.417728,4.925499,15,15,Asia/Kolkata,IST,19800000,FALSE,FALSE,FALSE,12062,3.54785E+12,12056,NSI,13097,10047.85,1.6 - Buy,0.64,ULTRACEMCO.NS,,
20,en-US,US,EQUITY,Equity,Free Realtime Quote,FALSE,LOW,INR,INR,ADANI PORT & SEZ LTD,0.36159694,FALSE,1.19614E+12,2,5.2999268,1767861758,1470.6,1489,1465.5 - 1489.0,1465.5,1426879,1465.3,0,0,in_market,finmb_27674009,NSE,Adani Ports and Special Economic Zone Limited,1468,1919152,1493183,[],459.84998,0.45495915,1010.75 - 1549.0,-78.400024,-0.050613314,29.403448,1762250400,1762250400,1762250400,1746097140,1746097140,FALSE,7,26.54992,7,0.004777179,REGULAR,55.39,69.83773,60.20722,24.425642,2303959098,310.464,1486.9,-16.300049,-0.010962438,1398.5708,72.029175,0.051501986,21.057384,4.736781,15,15,Asia/Kolkata,IST,19800000,FALSE,FALSE,FALSE,1471.4,3.38854E+12,1471,NSI,1549,1010.75,1.1 - Strong Buy,0.48,ADANIPORTS.NS,,
21,en-US,US,EQUITY,Equity,Free Realtime Quote,FALSE,LOW,INR,INR,NTPC LTD,-1.3474805,FALSE,1.09963E+12,2,-4.700012,1767861759,344.15,349.8,342.2 - 349.8,342.2,5253031,348.85,0,0,in_market,finmb_9673133,NSE,NTPC Limited,346.75,8287163,11365999,[],51.350006,0.17537571,292.8 - 371.45,-27.300018,-0.073495805,8.896518,1761818400,1769680800,1769680800,1761831000,1761831000,TRUE,8.6,18.403742,11.1,0.02465243,REGULAR,18.7,26.9056,24.38238,14.114701,9696666134,198.221,328.026,16.123993,0.049154617,337.25674,6.8932495,0.020439174,12.791018,1.7361934,15,15,Asia/Kolkata,IST,19800000,FALSE,FALSE,FALSE,344.15,3.33711E+12,344.1,NSI,371.45,292.8,1.5 - Buy,3.18,NTPC.NS,,
22,en-US,US,EQUITY,Equity,Free Realtime Quote,FALSE,LOW,INR,INR,BAJAJ FINSERV LTD.,-1.1962217,FALSE,1.02912E+12,2,-24.300049,1767861758,2007.6,2029.1,1989.2 - 2029.1,1989.2,473424,2031.9,0,0,in_market,finmb_41356562,NSE,Bajaj Finserv Ltd.,2021,1069000,1523274,[],390.59998,0.24155843,1617.0 - 2195.0,-187.40002,-0.08537587,20.20943,1762855200,1769680800,1769680800,1762860600,1762860600,TRUE,0,33.493492,1,0,REGULAR,59.94,80.76056,65.07927,30.848534,1596246827,480.6,2057.368,-49.767944,-0.024190104,2022.5183,-14.918335,-0.007376119,24.85867,4.1772785,15,15,Asia/Kolkata,IST,19800000,FALSE,FALSE,FALSE,2007.6,3.20542E+12,2007.8,NSI,2195,1617,2.1 - Buy,0.05,BAJAJFINSV.NS,Bajaj Finserv Limited,08-01-2026
23,en-US,US,EQUITY,Equity,Free Realtime Quote,FALSE,LOW,INR,INR,BHARAT ELECTRONICS LTD,0.62552774,FALSE,1.0255E+12,2,2.600006,1767861760,418.25,422.95,415.7 - 422.95,415.7,15826223,415.65,0,0,in_market,finmb_8910862,NSE,Bharat Electronics Limited,415.7,13284902,15272240,[],178,0.7408949,240.25 - 436.0,-17.75,-0.040711008,47.786667,1761904800,1761904800,1761904800,1761906600,1761906600,FALSE,0,53.82883,2.4,0,REGULAR,7.77,9.88797,8.40887,49.739147,7309778829,29.476,406.896,11.354004,0.027903946,384.72974,33.520264,0.087126784,42.298874,14.18951,15,15,Asia/Kolkata,IST,19800000,FALSE,FALSE,FALSE,418.5,3.05731E+12,418.35,NSI,436,240.25,1.9 - Buy,0.58,BEL.NS,,
24,en-US,US,EQUITY,Equity,Free Realtime Quote,FALSE,LOW,INR,INR,HINDUSTAN AERONAUTICS LTD,-0.44408327,FALSE,1.52264E+12,2,-20.100098,1767861758,4505,4579,4493.1 - 4579.0,4493.1,815221,4525.1,0,0,in_market,finmb_9141170,NSE,Hindustan Aeronautics Limited,4526,938195,694955,[],1458.95,0.47896454,3046.05 - 5165.0,-660,-0.12778315,10.439671,1762941600,1770890400,1770890400,1715941800,1715941800,TRUE,15,35.556435,40,0.003314844,REGULAR,126.7,152.66093,131.7511,34.193264,668775000,555.023,4508.058,-3.0581055,-0.000678364,4636.8945,-131.89453,-0.028444583,29.509842,8.11678,15,15,Asia/Kolkata,IST,19800000,FALSE,FALSE,FALSE,4505,3.01283E+12,4506.5,NSI,5165,3046.05,1.6 - Buy,0.88,HAL.NS,,
25,en-US,US,EQUITY,Equity,Free Realtime Quote,FALSE,LOW,INR,INR,OIL AND NATURAL GAS CORP.,-3.163576,FALSE,8.20468E+11,2,-7.5599976,1767861760,231.5,238.89,231.1 - 238.89,231.1,6677781,239.06,0,0,in_market,finmb_882940,NSE,Oil and Natural Gas Corporation Limited,238.2,8393997,9571709,[],26.5,0.12926829,205.0 - 272.59,-41.089996,-0.1507392,-9.164828,1762768800,1769767200,1769767200,1755079200,1755079200,TRUE,12.25,7.9498625,18.25,0.051242366,REGULAR,29.12,37.55713,35.06012,6.602944,12580279206,292.589,242.908,-11.408005,-0.046964303,241.7474,-10.247406,-0.042388897,6.163943,0.79121226,15,15,Asia/Kolkata,IST,19800000,FALSE,FALSE,FALSE,231.5,2.91294E+12,231.44,NSI,272.59,205,2.3 - Buy,7.63,ONGC.NS,,
26,en-US,US,EQUITY,Equity,Free Realtime Quote,FALSE,LOW,INR,INR,ADANI ENTERPRISES LIMITED,-2.1366436,FALSE,1.0255E+12,2,-48.600098,1767861758,2225.5,2275.9,2208.2 - 2275.9,2208.2,551586,2274.1,0,0,in_market,finmb_883013,NSE,Adani Enterprises Limited,2275,1219685,739631,[],198.94995,0.09817174,2026.55 - 2695.0,-469.5,-0.1742115,-8.224708,1762250400,1762250400,1762250400,1746097140,1746097140,FALSE,1.3,34.338837,1.26,0.000571655,REGULAR,64.81,44.02,32.39,68.70948,1154180729,445.61,2309.356,-83.85596,-0.036311403,2420.5852,-195.0852,-0.080594234,50.556564,4.9942775,15,15,Asia/Kolkata,IST,19800000,FALSE,FALSE,FALSE,2226.7,2.87686E+12,2225.4,NSI,2695,2026.55,,0.06,ADANIENT.NS,,
27,en-US,US,EQUITY,Equity,Free Realtime Quote,FALSE,LOW,INR,INR,JSW STEEL LIMITED,-2.6399887,FALSE,1.05237E+12,2,-31.400024,1767861759,1158.4,1190,1153.9 - 1190.0,1153.9,913326,1189.8,0,0,in_market,finmb_881242,NSE,JSW Steel Limited,1190,1626449,1949376,[],278.40002,0.31636366,880.0 - 1223.9,-65.5,-0.053517442,33.542847,1760695200,1760695200,1760695200,1760702400,1760702400,FALSE,0,47.032078,2.8,0,REGULAR,24.63,64.70426,43.48406,26.639648,2442547305,340.317,1144.948,13.452026,0.011749028,1075.147,83.25305,0.077434115,17.902994,3.4038854,15,15,Asia/Kolkata,IST,19800000,FALSE,FALSE,FALSE,1158.4,2.82945E+12,1158,NSI,1223.9,880,2.5 - Buy,0.24,JSWSTEEL.NS,,
28,en-US,US,EQUITY,Equity,Free Realtime Quote,FALSE,LOW,INR,INR,ADANI POWER LTD,-1.8786719,FALSE,1.25074E+12,2,-2.75,1767861758,143.62,147.55,143.28 - 147.55,143.28,7315121,146.37,0,0,in_market,finmb_37293443,NSE,Adani Power Limited,146.37,28218169,17296252,[],54.619995,0.6137078,89.0 - 182.7,-39.08,-0.2139026,46.987343,1761818400,1769594400,1769594400,1761825600,1761825600,TRUE,0,23.46732,,0,REGULAR,6.12,7.022,6.074,23.645044,19284694705,30.287,147.5744,-3.9544067,-0.02679602,128.8975,14.722488,0.11421856,20.452862,4.741968,15,15,Asia/Kolkata,IST,19800000,FALSE,FALSE,FALSE,143.59,2.76967E+12,143.54,NSI,182.7,89,1.2 - Strong Buy,,ADANIPOWER.NS,,
29,en-US,US,EQUITY,Equity,Free Realtime Quote,FALSE,LOW,INR,INR,WIPRO LTD,-2.9346554,FALSE,8.20468E+11,2,-7.9499817,1767861760,262.85,270.9,262.55 - 270.9,262.55,6796068,270.8,0,0,in_market,finmb_598611,NSE,Wipro Limited,270.9,8424736,5637306,[],34.850006,0.15285091,228.0 - 324.6,-61.75,-0.19023412,-7.3554573,1768557600,1768557600,1768557600,1768570200,1768570200,FALSE,5,20.439348,11,0.01846381,REGULAR,12.86,13.48735,12.74568,20.622675,10475318393,82.193,254.1718,8.678207,0.03414308,251.05185,11.798157,0.046994902,19.488632,3.1979609,15,15,Asia/Kolkata,IST,19800000,FALSE,FALSE,FALSE,262.95,2.75344E+12,262.7,NSI,324.6,228,3.1 - Hold,4.06,WIPRO.NS,,
30,en-US,US,EQUITY,Equity,Free Realtime Quote,FALSE,LOW,INR,INR,BAJAJ AUTO LIMITED,-0.24005312,FALSE,1.0255E+12,2,-23.5,1767861758,9766,9888,9749.5 - 9888.0,9749.5,435158,9789.5,0,0,in_market,finmb_32669680,NSE,Bajaj Auto Limited,9799.5,345678,370797,[],2676.65,0.37755927,7089.35 - 9888.0,-122,-0.012338188,10.792959,1762509600,1769508000,1769508000,1762519500,1762519500,TRUE,0,32.81586,210,0,REGULAR,297.6,384.4192,339.07172,28.802166,279222312,1223.784,9047.04,718.95996,0.079469085,8635.742,1130.2578,0.13088137,25.404558,7.980166,15,15,Asia/Kolkata,IST,19800000,FALSE,FALSE,FALSE,9765,2.72689E+12,9758.5,NSI,9888,7089.35,2.6 - Hold,2.15,BAJAJ-AUTO.NS,,
31,en-US,US,EQUITY,Equity,Free Realtime Quote,FALSE,LOW,INR,INR,ASIAN PAINTS LIMITED,-0.8863068,FALSE,1.0255E+12,2,-24.899902,1767861758,2784.5,2804.7,2770.1 - 2804.7,2770.1,408965,2809.4,0,0,in_market,finmb_878276,NSE,Asian Paints Limited,2795,1279525,1185782,[],659.75,0.31050712,2124.75 - 2985.7,-201.19995,-0.067387864,19.538761,1769508000,1769508000,1769508000,1762948800,1762948800,FALSE,25.05,68.34806,25.05,0.008916494,REGULAR,40.74,51.92843,46.06205,60.451065,958578217,204.34,2786.568,-2.0681152,-0.000742173,2499.3098,285.1902,0.11410758,53.62188,13.626799,15,15,Asia/Kolkata,IST,19800000,FALSE,FALSE,FALSE,2784.5,2.66954E+12,2783.8,NSI,2985.7,2124.75,2.9 - Hold,0.89,ASIANPAINT.NS,,
32,en-US,US,EQUITY,Equity,Free Realtime Quote,FALSE,LOW,INR,INR,TATA MOTORS PASS VEH LTD,-1.2107854,FALSE,1.7605E+12,2,-4.399994,1767861760,358.95,365.35,358.5 - 365.35,358.5,4977368,363.35,,,in_market,finmb_874652,NSE,Tata Motors Passenger Vehicles Limited,363.3,12398036,10415801,[],21.25,0.062925674,337.7 - 419.0,-60.049988,-0.14331739,-7.035947,1763114400,1771063200,1771063200,1763125200,1763125200,TRUE,0,11.512188,6,0,REGULAR,31.18,42.37294,14.00087,25.637693,3682331373,300.66,370.707,-11.756989,-0.031715043,374.83447,-15.88446,-0.042377267,8.471209,1.1938735,15,15,Asia/Kolkata,IST,19800000,FALSE,FALSE,FALSE,359,2.64255E+12,358.95,NSI,419,337.7,3.2 - Hold,1.65,TMPV.NS,Tata Motors Limited,08-01-2026
33,en-US,US,EQUITY,Equity,Free Realtime Quote,FALSE,LOW,INR,INR,COAL INDIA LTD,-1.5405986,FALSE,1.28884E+12,2,-6.649994,1767861760,425,434,423.45 - 434.0,423.45,4491612,431.65,0,0,in_market,finmb_9192276,NSE,Coal India Limited,431.65,6377341,10149173,[],75.75,0.21689335,349.25 - 436.7,-11.700012,-0.026791874,15.97259,1761732000,1769508000,1769508000,1708338600,1708338600,TRUE,10.75,8.394233,26.5,0.024904437,REGULAR,50.63,54.711,52.00984,8.171531,6162728327,171.077,387.984,37.01599,0.09540597,388.80276,36.197235,0.09309922,7.7680907,2.4842615,15,15,Asia/Kolkata,IST,19800000,FALSE,FALSE,FALSE,425,2.61916E+12,424.9,NSI,436.7,349.25,2.4 - Buy,6.14,COALINDIA.NS,,
34,en-US,US,EQUITY,Equity,Free Realtime Quote,FALSE,LOW,INR,INR,ETERNAL LIMITED,0.88999647,FALSE,1.62701E+12,2,2.5,1767861758,283.45,287.4,279.0 - 287.4,279,31428714,280.95,,,in_market,finmb_112318630,NSE,Eternal Limited,280.55,28409818,21581684,[],88.65001,0.45508218,194.8 - 368.45,-85,-0.23069616,14.50988,1760608800,1760608800,1760608800,1760614200,1760614200,FALSE,0,1417.25,,0,REGULAR,0.2,2.43681,0.52084,544.21704,9098866313,33.193,297.648,-14.197998,-0.047700632,281.9138,1.5362244,0.00544927,116.320114,8.539452,15,15,Asia/Kolkata,IST,19800000,FALSE,FALSE,FALSE,283.25,2.57907E+12,283.2,NSI,368.45,194.8,1.7 - Buy,,ETERNAL.NS,Zomato Limited,08-01-2026
35,en-US,US,EQUITY,Equity,Free Realtime Quote,FALSE,LOW,INR,INR,NESTLE INDIA LIMITED,-0.45634314,FALSE,1.02912E+12,2,-6,1767861759,1308.8,1315.1,1299.0 - 1315.1,1299,347109,1314.8,0,0,in_market,finmb_877826,NSE,Nestl√© India Limited,1309.1,1091749,1190321,[],253.80005,0.24056877,1055.0 - 1332.7,-23.899902,-0.017933445,16.557705,1760608800,1760608800,1760608800,,,FALSE,12.125,85.82295,20,0.009221935,REGULAR,15.25,19.52217,16.66103,78.55457,1928314320,22.996,1263.126,45.674072,0.036159553,1207.2598,101.54028,0.08410806,67.04173,56.914246,15,15,Asia/Kolkata,IST,19800000,FALSE,FALSE,FALSE,1308.8,2.52378E+12,1308.1,NSI,1332.7,1055,2.8 - Hold,1.52,NESTLEIND.NS,,
36,en-US,US,EQUITY,Equity,Free Realtime Quote,FALSE,LOW,INR,INR,HINDUSTAN ZINC LIMITED,-6.239579,FALSE,1.02912E+12,2,-39.299988,1767861760,590.7,623.45,588.35 - 623.45,588.35,17258345,630,0,0,in_market,finmb_882854,NSE,Hindustan Zinc Limited,623,8238296,11011874,[],212.55002,0.5620786,378.15 - 656.35,-65.64996,-0.1000228,43.934204,1760695200,1760695200,1760695200,1760697000,1760697000,FALSE,0,23.618553,29,0,REGULAR,25.01,32.60374,28.50928,20.71957,4225319000,32.42,530.86,59.840027,0.11272281,470.46475,120.23526,0.25556698,18.117554,18.220236,15,15,Asia/Kolkata,IST,19800000,FALSE,FALSE,FALSE,591.45,2.4959E+12,591.2,NSI,656.35,378.15,2.9 - Hold,4.6,HINDZINC.NS,,
37,en-US,US,EQUITY,Equity,Free Realtime Quote,FALSE,LOW,INR,INR,AVENUE SUPERMARTS LIMITED,-1.2416751,FALSE,1.49007E+12,2,-47.700195,1767861754,3793.9,3872.4,3789.6 - 3872.4,3789.6,259412,3841.6,0,0,in_market,finmb_113890200,NSE,Avenue Supermarts Limited,3843,371895,543981,[],453.8999,0.13589817,3340.0 - 4949.5,-1155.6001,-0.23347814,0.72892904,1768039200,1768039200,1768039200,,,FALSE,0,90.61142,,0,REGULAR,41.87,58.115,47.56455,79.76318,650733068,351.86,3927.494,-133.594,-0.034015074,4202.399,-408.49902,-0.09720615,65.28262,10.7824135,15,15,Asia/Kolkata,IST,19800000,FALSE,FALSE,FALSE,3793,2.46882E+12,3792.1,NSI,4949.5,3340,3.0 - Hold,,DMART.NS,,
38,en-US,US,EQUITY,Equity,Free Realtime Quote,FALSE,LOW,INR,INR,POWER GRID CORP. LTD.,-2.1969764,FALSE,1.19156E+12,2,-5.8000183,1767861760,258.3,265.3,257.95 - 265.3,257.95,6507745,264.1,0,0,in_market,finmb_9537783,NSE,Power Grid Corporation of India Limited,264,11661505,9466897,[],10.999985,0.044480328,247.3 - 322.0,-63.700012,-0.19782613,-13.480753,1762164000,1770026400,1770026400,1762252200,1762252200,TRUE,9,16.686047,13.5,0.034078,REGULAR,15.48,18.62601,17.27724,14.950303,9300603819,106.531,269.84,-11.540009,-0.042766117,287.1355,-28.83551,-0.10042475,13.867703,2.4246464,15,15,Asia/Kolkata,IST,19800000,FALSE,FALSE,FALSE,258.25,2.40235E+12,258.1,NSI,322,247.3,2.4 - Buy,5.11,POWERGRID.NS,,
39,en-US,US,EQUITY,Equity,Free Realtime Quote,FALSE,LOW,INR,INR,VEDANTA LIMITED,-3.1501184,FALSE,8.20468E+11,2,-19.600037,1767861760,602.6,619.1,595.0 - 619.1,595,14636317,622.2,0,0,in_market,finmb_878252,NSE,Vedanta Limited,619,11502391,11503279,[],239.59998,0.66005504,363.0 - 629.9,-27.300049,-0.043340288,41.763496,1761904800,1769680800,1769680800,1761910200,1761910200,TRUE,51.5,19.763857,51.5,0.08277081,REGULAR,30.49,56.23974,45.09109,13.3640585,3905304540,102.928,545.267,57.332947,0.10514655,468.4205,134.17947,0.2864509,10.714843,5.8545775,15,15,Asia/Kolkata,IST,19800000,FALSE,FALSE,FALSE,602.75,2.35334E+12,602.35,NSI,629.9,363,1.7 - Buy,8.28,VEDL.NS,,
40,en-US,US,EQUITY,Equity,Free Realtime Quote,FALSE,LOW,INR,INR,TATA STEEL LIMITED,-1.6045674,FALSE,8.20468E+11,2,-2.949997,1767861760,180.85,185.87,179.61 - 185.87,179.61,30735037,183.8,0,0,in_market,finmb_874170,NSE,Tata Steel Limited,185.45,25161348,30161286,[],58.230003,0.47488177,122.62 - 187.85,-7,-0.037263773,41.46079,1762941600,1769594400,1769594400,1763015400,1763015400,TRUE,0,33.12271,3.6,0,REGULAR,5.46,16.7,13.5,13.3962965,12471847611,76.221,173.3122,7.5378113,0.04349268,162.26065,18.589355,0.11456478,10.829341,2.3727057,15,15,Asia/Kolkata,IST,19800000,FALSE,FALSE,FALSE,180.91,2.25553E+12,180.9,NSI,187.85,122.62,2.3 - Buy,1.96,TATASTEEL.NS,,
41,en-US,US,EQUITY,Equity,Free Realtime Quote,FALSE,LOW,INR,INR,INDIAN OIL CORP LTD,-3.3929584,FALSE,8.2954E+11,2,-5.5200043,1767861760,157.15,162.7,156.8 - 162.7,156.8,9090362,162.67,0,0,in_market,finmb_7844179,NSE,Indian Oil Corporation Limited,162.67,13457383,11067267,[],46.429993,0.41934603,110.72 - 174.5,-17.350006,-0.09942697,23.048412,1761559200,1769508000,1769508000,1761640200,1761640200,TRUE,0,8.7015505,8,0,REGULAR,18.06,18.81395,21.71798,7.23594,14121238383,143.199,165.6844,-8.534409,-0.05151003,149.53175,7.6182404,0.05094731,8.352844,1.0974238,15,15,Asia/Kolkata,IST,19800000,FALSE,FALSE,FALSE,157.21,2.21915E+12,157.17,NSI,174.5,110.72,2.2 - Buy,4.92,IOC.NS,,
42,en-US,US,EQUITY,Equity,Free Realtime Quote,FALSE,LOW,INR,INR,SBI LIFE INSURANCE CO LTD,0.63721704,FALSE,1.507E+12,2,13.199951,1767861756,2084,2095.5,2067.7 - 2095.5,2067.7,755268,2070.8,0,0,in_market,finmb_11436324,NSE,SBI Life Insurance Company Limited,2080.9,872765,854082,[],711.44995,0.5183417,1372.55 - 2109.6,-25.600098,-0.012135047,41.01944,1761300000,1768471200,1768471200,1761303600,1761303600,TRUE,0,85.27005,2.7,0,REGULAR,24.44,32.8055,28.34733,73.516624,1002829838,182.376,2010.508,73.49194,0.036553916,1840.0923,243.90771,0.1325519,63.525932,11.426942,15,15,Asia/Kolkata,IST,19800000,FALSE,FALSE,FALSE,2084.6,2.0899E+12,2084.1,NSI,2109.6,1372.55,1.3 - Strong Buy,0.13,SBILIFE.NS,,
43,en-US,US,EQUITY,Equity,Free Realtime Quote,FALSE,LOW,INR,INR,EICHER MOTORS LTD,-0.25717112,FALSE,8.20468E+11,2,-19.5,1767861759,7563,7601,7539.0 - 7601.0,7539,347820,7582.5,0,0,in_market,finmb_8983678,NSE,Eicher Motors Limited,7590,456220,484463,[],2917,0.6278519,4646.0 - 7601.0,-38,-0.004999342,47.52233,,1763028000,1763028000,1753965000,1753965000,TRUE,0,40.71163,70,0,REGULAR,185.77,227.22128,196.15182,38.55687,274299237,805.256,7119.52,443.47998,0.062290713,6231.29,1331.71,0.21371336,33.284733,9.392044,15,15,Asia/Kolkata,IST,19800000,FALSE,FALSE,FALSE,7563.5,2.07453E+12,7563,NSI,7601,4646,2.4 - Buy,0.92,EICHERMOT.NS,,
44,en-US,US,EQUITY,Equity,Free Realtime Quote,FALSE,LOW,INR,INR,HINDALCO  INDUSTRIES  LTD,-3.7512667,FALSE,8.20468E+11,2,-35.200012,1767861761,903.25,934.2,898.6 - 934.2,898.6,4980037,938.45,0,0,in_market,finmb_878428,NSE,Hindalco Industries Limited,934.05,5785149,6790849,[],356.8,0.6529417,546.45 - 970.8,-67.54999,-0.06958178,59.261776,1762509600,1762509600,1762509600,1762513200,1762513200,FALSE,5,11.310418,5,0.005327934,REGULAR,79.86,76.97987,73.3113,12.320747,2235127576,607.505,835.612,67.638,0.08094427,725.7325,177.51752,0.24460462,11.733586,1.486819,15,15,Asia/Kolkata,IST,19800000,FALSE,FALSE,FALSE,903.3,2.01888E+12,903,NSI,970.8,546.45,2.6 - Hold,0.53,HINDALCO.NS,,
45,en-US,US,EQUITY,Equity,Free Realtime Quote,FALSE,LOW,INR,INR,HYUNDAI MOTOR INDIA LTD,-0.9229487,FALSE,1.72957E+12,2,-21.800049,1767861741,2340.2,2362,2330.0 - 2362.0,2330,180873,2362,,,in_market,finmb_9003490,NSE,,2362,831295,571762,[],798.5,0.51793474,1541.7 - 2890.0,-549.80005,-0.19024223,32.284164,,1747393140,1747393140,1747408200,1747408200,FALSE,0,33.2462,21,0,REGULAR,70.39,86.5953,74.29779,31.497572,812541100,216.076,2338.536,1.6640625,0.000711583,2181.222,158.97803,0.07288485,27.02456,10.830448,15,15,Asia/Kolkata,IST,19800000,FALSE,FALSE,FALSE,2341.3,1.90151E+12,2340.2,NSI,2890,1541.7,1.7 - Buy,0.89,HYUNDAI.NS,,
46,en-US,US,EQUITY,Equity,Free Realtime Quote,FALSE,LOW,INR,INR,GRASIM INDUSTRIES LTD,-1.3111587,FALSE,1.0255E+12,2,-37.200195,1767861760,2799.9,2831.9,2789.9 - 2831.9,2789.9,233187,2837.1,0,0,in_market,finmb_877959,NSE,Grasim Industries Limited,2821,529127,576607,[],522.94995,0.22967125,2276.95 - 2977.8,-177.90015,-0.05974214,17.702461,1762336800,1762336800,1762336800,1763098200,1763098200,FALSE,0,44.05822,10,0,REGULAR,63.55,122.84538,84.51814,33.127796,678553102,1468.673,2792.866,7.0339355,0.002518537,2760.6428,39.25708,0.014220268,22.792065,1.9064147,15,15,Asia/Kolkata,IST,19800000,FALSE,FALSE,FALSE,2799.9,1.90016E+12,2799.8,NSI,2977.8,2276.95,1.6 - Buy,0.35,GRASIM.NS,,
47,en-US,US,EQUITY,Equity,Free Realtime Quote,FALSE,LOW,INR,INR,INTERGLOBE AVIATION LTD,-0.817934,FALSE,1.44713E+12,2,-40.5,1767861761,4910.5,4992.5,4893.5 - 4992.5,4893.5,942763,4951,0,0,in_market,finmb_8285079,NSE,InterGlobe Aviation Limited,4959,1832660,804563,[],965.5,0.24474017,3945.0 - 6232.5,-1322,-0.21211392,16.205656,1762250400,1762250400,1762250400,1762255800,1762255800,FALSE,0,37.147285,10,0,REGULAR,132.19,221.44675,163.9741,29.946802,386591098,223.364,5406.49,-495.99023,-0.09173978,5579.1147,-668.61475,-0.11984245,22.174631,21.984295,15,15,Asia/Kolkata,IST,19800000,FALSE,FALSE,FALSE,4911,1.89836E+12,4909,NSI,6232.5,3945,1.6 - Buy,0.2,INDIGO.NS,,
48,en-US,US,EQUITY,Equity,Free Realtime Quote,FALSE,LOW,INR,INR,JIO FIN SERVICES LTD,-2.9983547,FALSE,1.69259E+12,2,-9.100006,1767861758,294.4,304.3,293.85 - 304.3,293.85,8271378,303.5,,,in_market,finmb_38296017,NSE,Jio Financial Services Limited,303.3,8581480,8121969,[],95.75,0.48200354,198.65 - 338.6,-44.200012,-0.13053754,4.9265385,,1752490740,1752840000,1744898400,1744898400,TRUE,0,116.82539,0.5,0,REGULAR,2.52,3.9,3.4,86.588234,6353141623,213.244,301.736,-7.3359985,-0.02431264,295.188,-0.7879944,-0.002669466,75.487175,1.380578,15,15,Asia/Kolkata,IST,19800000,FALSE,FALSE,FALSE,294.45,1.87036E+12,294.3,NSI,338.6,198.65,,0.16,JIOFIN.NS,,
49,en-US,US,EQUITY,Equity,Free Realtime Quote,FALSE,LOW,INR,INR,SHRIRAM FINANCE LIMITED,-0.29619473,FALSE,1.0255E+12,2,-2.9499512,1767861756,992.9,1002.55,981.1 - 1002.55,981.1,2798193,995.85,,,in_market,finmb_9438360,NSE,Shriram Finance Limited,1001.4,8115633,6654558,[],499.55002,1.0125672,493.35 - 1025.6,-32.69995,-0.031883728,77.20697,1761904800,1769767200,1769767200,1761917400,1761917400,TRUE,10.3,18.991968,14.7,0.010342924,REGULAR,52.28,59.69808,52.43305,18.936531,1881362101,322.11,869.098,123.802,0.14244884,703.6005,289.2995,0.4111701,16.632027,3.0824876,15,15,Asia/Kolkata,IST,19800000,FALSE,FALSE,FALSE,992.9,1.868E+12,992.75,NSI,1025.6,493.35,1.3 - Strong Buy,1.48,SHRIRAMFIN.NS,Shriram Transport Finance Company Limited,08-01-2026
50,en-US,US,EQUITY,Equity,Free Realtime Quote,FALSE,LOW,INR,INR,TVS MOTOR COMPANY  LTD,-0.7656624,FALSE,9.65188E+11,2,-29.399902,1767861757,3810.8,3854,3805.5 - 3854.0,3805.5,211751,3840.2,0,0,in_market,finmb_878598,NSE,TVS Motor Company Limited,3840.2,752264,628130,[],1639.4001,0.7549969,2171.4 - 3909.0,-98.19995,-0.025121503,65.06695,1761645600,1769594400,1769594400,1761651000,1761651000,TRUE,0,69.40084,10,0,REGULAR,54.91,91.766,74.92411,50.862133,474919087,170.789,3590.328,220.47217,0.061407253,3164.3745,646.42554,0.20428225,41.527363,22.312912,15,15,Asia/Kolkata,IST,19800000,FALSE,FALSE,FALSE,3809.3,1.80982E+12,3810.4,NSI,3909,2171.4,2.2 - Buy,0.26,TVSMOTOR.NS,,
51,en-US,US,EQUITY,Equity,Free Realtime Quote,FALSE,LOW,INR,INR,LTIMINDTREE LIMITED,-1.1963291,FALSE,1.46907E+12,2,-73,1767861760,6029,6134,6000.5 - 6134.0,6000.5,103674,6102,,,in_market,finmb_4440082,NSE,LTIMindtree Limited,6107,271905,194810,[],2227,0.5857443,3802.0 - 6380.0,-351,-0.055015676,4.4737816,1768816800,1768816800,1768816800,1768825800,1768825800,FALSE,67,36.73084,67,0.010980006,REGULAR,164.14,208.8621,184.63805,32.653076,296328702,789.736,6010.22,18.779785,0.003124642,5322.425,706.5752,0.13275439,28.865934,7.6341968,15,15,Asia/Kolkata,IST,19800000,FALSE,FALSE,FALSE,6028.5,1.78669E+12,6028.5,NSI,6380,3802,2.4 - Buy,1.1,LTIM.NS,Larsen & Toubro Infotech Limited,08-01-2026
52,en-US,US,EQUITY,Equity,Free Realtime Quote,FALSE,LOW,INR,INR,DIVI S LABORATORIES LTD,-0.08280015,FALSE,1.04744E+12,2,-5.5,1767861758,6637,6700,6580.5 - 6700.0,6580.5,243563,6642.5,0,0,in_market,finmb_9249099,NSE,Divi's Laboratories Limited,6645,361268,472807,[],1682,0.3394551,4955.0 - 7071.5,-434.5,-0.061443824,14.04314,1762509600,1770026400,1770026400,1762507800,1762507800,TRUE,0,70.86269,30,0,REGULAR,93.66,119.72891,97.37237,68.16102,265468580,580.952,6490.29,146.70996,0.02260453,6338.5376,298.4624,0.04708695,55.43356,11.424352,15,15,Asia/Kolkata,IST,19800000,FALSE,FALSE,FALSE,6637,1.76191E+12,6634.5,NSI,7071.5,4955,2.8 - Hold,0.45,DIVISLAB.NS,,
53,en-US,US,EQUITY,Equity,Free Realtime Quote,FALSE,LOW,INR,INR,DLF LIMITED,-1.3928351,FALSE,1.18361E+12,2,-9.799988,1767861758,693.45,713.75,690.0 - 713.75,690,2620394,703.25,0,0,in_market,finmb_26505741,NSE,DLF Limited,703.15,2172585,2302932,[],92.25,0.15344311,601.2 - 886.8,-193.34998,-0.2180311,-9.914816,1761818400,1769767200,1769767200,1761906600,1761906600,TRUE,6,40.083817,6,0.008531816,REGULAR,17.3,21.35381,17.51515,39.59144,2475311706,173.817,720.791,-27.341003,-0.03793194,751.4202,-57.970215,-0.07714753,32.4743,3.9895408,15,15,Asia/Kolkata,IST,19800000,FALSE,FALSE,FALSE,693.8,1.71699E+12,693.55,NSI,886.8,601.2,1.3 - Strong Buy,0.85,DLF.NS,,
54,en-US,US,EQUITY,Equity,Free Realtime Quote,FALSE,LOW,INR,INR,VARUN BEVERAGES LIMITED,-1.6382197,FALSE,1.47858E+12,2,-8.350006,1767861761,501.35,511.65,497.8 - 511.65,497.8,2030137,509.7,0,0,in_market,finmb_49550399,NSE,Varun Beverages Limited,510.25,5640329,5195507,[],81.80002,0.19497085,419.55 - 608.75,-107.399994,-0.1764271,-15.814686,1761732000,1761732000,1761732000,1761728400,1761728400,FALSE,1.5,57.166473,2,0.002942908,REGULAR,8.77,10.51266,8.92996,56.142467,3381988769,54.299,473.833,27.516998,0.0580732,483.69574,17.654266,0.036498703,47.69012,9.233135,15,15,Asia/Kolkata,IST,19800000,FALSE,FALSE,FALSE,501.35,1.69556E+12,501.15,NSI,608.75,419.55,1.4 - Strong Buy,0.39,VBL.NS,,
55,en-US,US,EQUITY,Equity,Free Realtime Quote,FALSE,LOW,INR,INR,ADANI GREEN ENERGY LTD,-2.6093817,FALSE,1.52929E+12,2,-26.600037,1767861758,992.6,1024.1,990.0 - 1024.1,990,1322762,1019.2,0,0,in_market,finmb_314677034,NSE,Adani Green Energy Limited,1024.1,2659105,1210710,[],234.59998,0.30949864,758.0 - 1177.55,-184.95007,-0.15706345,4.2446613,1769508000,1769508000,1769508000,1745924340,1745924340,FALSE,0,83.27181,,0,REGULAR,11.92,25.77011,15.86386,62.56989,1647176155,114.432,1039.222,-46.62207,-0.04486247,998.6495,-6.0494995,-0.006057681,38.51749,8.674147,15,15,Asia/Kolkata,IST,19800000,FALSE,FALSE,FALSE,992.7,1.63557E+12,992.8,NSI,1177.55,758,1.4 - Strong Buy,,ADANIGREEN.NS,,
56,en-US,US,EQUITY,Equity,Free Realtime Quote,FALSE,LOW,INR,INR,HDFC LIFE INS CO LTD,-1.8126497,FALSE,1.51089E+12,2,-14,1767861756,758.35,774.35,752.65 - 774.35,752.65,1469748,772.35,0,0,in_market,finmb_8707653,NSE,HDFC Life Insurance Company Limited,773,2549407,3192717,[],174.04999,0.2978778,584.3 - 820.75,-62.400024,-0.07602806,26.159752,1768471200,1768471200,1768471200,1744891200,1744891200,FALSE,2.1,86.17613,2.1,0.002718975,REGULAR,8.8,11.44571,9.74571,77.81372,2157076016,78.523,760.512,-2.1620483,-0.002842885,756.97626,1.3737183,0.001814744,66.25626,9.65768,15,15,Asia/Kolkata,IST,19800000,FALSE,FALSE,FALSE,758.15,1.63582E+12,758.15,NSI,820.75,584.3,1.5 - Buy,0.27,HDFCLIFE.NS,,
57,en-US,US,EQUITY,Equity,Free Realtime Quote,FALSE,LOW,INR,INR,INDIAN RAILWAY FIN CORP L,-2.5676997,FALSE,1.61189E+12,2,-3.2899933,1767861759,124.75,129,124.27 - 129.0,124.27,9371078,128.04,,,in_market,finmb_22613714,NSE,Indian Railway Finance Corporation Limited,128.04,12862475,42644692,[],16.71,0.15466493,108.04 - 155.52,-30.770004,-0.19785239,-8.842373,1760522400,1760522400,1760522400,1760592600,1760592600,FALSE,1.85,23.807253,2.65,0.014448611,REGULAR,5.24,6.9,5.9,21.144068,13068506000,42.999,119.6718,5.0782013,0.0424344,127.47535,-2.7253494,-0.021379422,18.07971,2.9012303,15,15,Asia/Kolkata,IST,19800000,FALSE,FALSE,FALSE,124.84,1.6303E+12,124.8,NSI,155.52,108.04,,2.07,IRFC.NS,,
58,en-US,US,EQUITY,Equity,Free Realtime Quote,FALSE,LOW,INR,,TATA MOTORS LIMITED,-0.011470352,FALSE,1.76292E+12,2,-0.049987793,1767861760,435.7,441.5,430.5 - 441.5,430.5,8912689,435.75,,,in_market,finmb_1873373443,NSE,,436.85,16417045,10155251,[],129.40002,0.42246175,306.3 - 448.0,-12.299988,-0.02745533,32.2659,,,,,,,0,6.9868507,,0,REGULAR,62.36,18.49974,16.8419,25.870005,3682331373,27.834,373.2927,62.40732,0.16718066,373.2927,62.40732,0.16718066,23.551682,15.653518,15,15,Asia/Kolkata,IST,19800000,FALSE,FALSE,FALSE,435.7,1.60439E+12,435.7,NSI,448,306.3,1.9 - Buy,,TMCV.NS,,
59,en-US,US,EQUITY,Equity,Delayed Quote,FALSE,LOW,INR,INR,MUTHOOT FINANCE LIMITED,-2.2690597,FALSE,1.30465E+12,2,-89.90015,1767861761,3870.2,3954.7,3806.7 - 3954.7,3806.7,479261,3960.1,0,0,in_market,finmb_54460924,NSE,Muthoot Finance Limited,3950,549382,555557,[],1905.2,0.9695674,1965.0 - 3995.0,-124.80005,-0.03123906,85.47609,,1763028000,1763028000,1755084600,1755084600,TRUE,0,21.199606,26,0,REGULAR,182.56,248.425,219.10568,17.663622,401468476,817.54,3661.134,209.06592,0.05710414,2873.734,996.46606,0.3467496,15.578947,4.7339582,15,15,Asia/Kolkata,IST,19800000,FALSE,FALSE,FALSE,3869.2,1.55376E+12,3870,NSI,3995,1965,2.5 - Buy,0.66,MUTHOOTFIN.NS,,
60,en-US,US,EQUITY,Equity,Free Realtime Quote,FALSE,LOW,INR,INR,BANK OF BARODA,-2.6435273,FALSE,1.0255E+12,2,-8.149994,1767861758,300.1,309.3,299.85 - 309.3,299.85,6275912,308.25,0,0,in_market,finmb_882698,NSE,Bank of Baroda Limited,307,9017756,8988164,[],109.40001,0.573676,190.7 - 311.8,-11.699982,-0.037523996,33.418453,1761904800,1769680800,1769680800,1761913800,1761913800,TRUE,0,8.065037,8.35,0,REGULAR,37.21,39.63093,36.58626,8.202533,5171362179,307.356,289.693,10.407013,0.035924282,256.10626,43.993744,0.17177926,7.572368,0.97639227,15,15,Asia/Kolkata,IST,19800000,FALSE,FALSE,FALSE,300.05,1.55229E+12,299.9,NSI,311.8,190.7,1.7 - Buy,2.71,BANKBARODA.NS,Bank of Baroda,08-01-2026
61,en-US,US,EQUITY,Equity,Free Realtime Quote,FALSE,LOW,INR,INR,BHARAT PETROLEUM CORP  LT,-3.7343833,FALSE,8.20554E+11,2,-13.75,1767861760,354.45,366.55,352.2 - 366.55,352.2,5874206,368.2,0,0,in_market,finmb_4481079,NSE,Bharat Petroleum Corporation Limited,366.2,7371926,6354608,[],120.44002,0.51467896,234.01 - 388.15,-33.69998,-0.08682206,31.500006,1761904800,1769076000,1769076000,1762147800,1762147800,TRUE,12.5,7.136099,15,0.03394894,REGULAR,49.67,43.5966,51.93304,6.8251348,4338505488,219.838,366.377,-11.927002,-0.032553904,332.8785,21.571503,0.06480293,8.130221,1.6123236,15,15,Asia/Kolkata,IST,19800000,FALSE,FALSE,FALSE,354.45,1.53778E+12,354.5,NSI,388.15,234.01,2.0 - Buy,4.07,BPCL.NS,,
62,en-US,US,EQUITY,Equity,Free Realtime Quote,FALSE,LOW,INR,INR,PIDILITE INDUSTRIES LTD,-1.056245,FALSE,1.0255E+12,2,-16,1767861755,1498.8,1514.8,1490.0 - 1514.8,1490,347280,1514.8,0,0,in_market,finmb_878761,NSE,Pidilite Industries Limited,1514.8,535562,460245,[],187.70007,0.1431623,1311.1 - 1574.95,-76.1499,-0.04835068,2.411902,1761818400,1769594400,1769594400,1761906600,1761906600,TRUE,0,68.72077,10,0,REGULAR,21.81,26.75793,23.81254,62.941628,1017714032,93.848,1468.978,29.822021,0.020301202,1500.5928,-1.7927246,-0.001194678,56.0133,15.970506,15,15,Asia/Kolkata,IST,19800000,FALSE,FALSE,FALSE,1499.7,1.52535E+12,1498.3,NSI,1574.95,1311.1,2.3 - Buy,0.66,PIDILITIND.NS,,
63,en-US,US,EQUITY,Equity,Free Realtime Quote,FALSE,LOW,INR,INR,TATA CAPITAL LIMITED,-1.0122001,FALSE,1.76033E+12,2,-3.649994,1767861756,356.95,364.5,355.5 - 364.5,355.5,4027903,360.6,,,in_market,finmb_35537963,NSE,,359,6594917,5321440,[],41.850006,0.132815,315.1 - 364.5,-7.549988,-0.020713272,9.10741,,,,,,,0.42,35.874374,,0.001164725,REGULAR,9.95,15.976,11.72297,30.448769,4216520141,90.27,329.982,26.968018,0.081725724,329.61508,27.33493,0.08292986,22.34289,3.9542487,15,15,Asia/Kolkata,IST,19800000,FALSE,FALSE,FALSE,356.85,1.50509E+12,356.85,NSI,364.5,315.1,1.9 - Buy,,TATACAP.NS,,
64,en-US,US,EQUITY,Equity,Free Realtime Quote,FALSE,LOW,INR,INR,CHOLAMANDALAM IN & FIN CO,-1.9423426,FALSE,1.0255E+12,2,-34.69995,1767861760,1751.8,1790,1735.5 - 1790.0,1735.5,1055797,1786.5,0,0,in_market,finmb_4493047,NSE,Cholamandalam Investment and Finance Company Limited,1790,1561861,1293874,[],582,0.49752092,1169.8 - 1831.5,-79.69995,-0.04351622,38.681877,1762423200,1762423200,1762423200,1762489800,1762489800,FALSE,2,31.839333,2,0.001119507,REGULAR,55.02,79.80561,60.95744,28.738085,843952471,308.193,1710.754,41.04602,0.02399294,1595.7362,156.06384,0.09780053,21.950838,5.6841006,15,15,Asia/Kolkata,IST,19800000,FALSE,FALSE,FALSE,1752.3,1.47844E+12,1751.9,NSI,1831.5,1169.8,2.2 - Buy,0.11,CHOLAFIN.NS,,
65,en-US,US,EQUITY,Equity,Free Realtime Quote,FALSE,LOW,INR,INR,BRITANNIA INDUSTRIES LTD,-2.2637239,FALSE,8.20554E+11,2,-140,1767861759,6045,6158.5,5945.5 - 6158.5,5945.5,446855,6185,0,0,in_market,finmb_878217,NSE,Britannia Industries Limited,6155,318436,226235,[],1539,0.3415446,4506.0 - 6336.0,-291,-0.04592803,25.550615,1762336800,1762336800,1762336800,1747020600,1747020600,FALSE,0,62.64898,75,0,REGULAR,96.49,119.74837,104.2529,57.983997,240868296,154.997,5940.01,104.990234,0.017675094,5739.7666,305.2334,0.053178713,50.480854,39.000755,15,15,Asia/Kolkata,IST,19800000,FALSE,FALSE,FALSE,6044.5,1.45645E+12,6044.5,NSI,6336,4506,2.0 - Buy,1.21,BRITANNIA.NS,,
66,en-US,US,EQUITY,Equity,Free Realtime Quote,FALSE,LOW,INR,INR,TRENT LTD,-1.354513,FALSE,1.0255E+12,2,-55,1767861760,4005.5,4094.5,4000.3 - 4094.5,4000.3,579702,4060.5,0,0,in_market,finmb_20376352,NSE,Trent Limited,4078.8,913270,1327974,[],75.3999,0.019185238,3930.1 - 6719.0,-2713.5,-0.40385473,-38.67889,1762509600,1770285600,1770285600,,,TRUE,0,88.07168,5,0,REGULAR,45.48,65.47386,50.98018,78.569756,355487461,171.62,4292.84,-287.33984,-0.066934675,5036.4014,-1030.9014,-0.20469007,61.177086,23.339355,15,15,Asia/Kolkata,IST,19800000,FALSE,FALSE,FALSE,4003,1.42424E+12,4001.6,NSI,6719,3930.1,2.5 - Buy,0.12,TRENT.NS,,
67,en-US,US,EQUITY,Equity,Free Realtime Quote,FALSE,LOW,INR,INR,PUNJAB NATIONAL BANK,-2.2114382,FALSE,1.0255E+12,2,-2.7799988,1767861759,122.9,125.83,122.78 - 125.83,122.78,8449538,125.68,0,0,in_market,finmb_8033734,NSE,Punjab National Bank,125.8,16840787,15394996,[],37.440002,0.43809974,85.46 - 128.24,-5.340004,-0.041640703,23.179459,1760781600,1760954400,1760954400,1760781600,1760781600,TRUE,0,8.281672,2.9,0,REGULAR,14.84,15.91908,13.94698,8.811943,11492943268,123.783,121.8032,1.0968018,0.009004704,110.40225,12.497749,0.11320194,7.7202954,0.9928666,15,15,Asia/Kolkata,IST,19800000,FALSE,FALSE,FALSE,122.95,1.41336E+12,122.86,NSI,128.24,85.46,2.6 - Hold,2.31,PNB.NS,,
68,en-US,US,EQUITY,Equity,Free Realtime Quote,FALSE,LOW,INR,INR,TECH MAHINDRA LIMITED,-2.53429,FALSE,1.15674E+12,2,-41.19995,1767861760,1584,1632.8,1581.8 - 1632.8,1581.8,1267376,1625.2,0,0,in_market,finmb_9406148,NSE,Tech Mahindra Limited,1625,1665928,894070,[],374.59998,0.30974033,1209.4 - 1736.4,-152.40002,-0.08776781,-1.0713398,1768557600,1768557600,1768557600,1768566600,1768566600,FALSE,45,31.34151,45,0.0276889,REGULAR,50.54,73.99729,58.79302,26.941975,885485704,310.382,1527.234,56.76599,0.03716915,1515.1465,68.853516,0.04544347,21.406189,5.103389,15,15,Asia/Kolkata,IST,19800000,FALSE,FALSE,FALSE,1584,1.40306E+12,1583.5,NSI,1736.4,1209.4,2.5 - Hold,2.77,TECHM.NS,,
69,en-US,US,EQUITY,Equity,Free Realtime Quote,FALSE,LOW,INR,INR,TORRENT PHARMACEUTICALS L,-1.2876574,FALSE,1.0255E+12,2,-52.69995,1767861756,4039.5,4080,4023.7 - 4080.0,4023.7,142899,4092.2,0,0,in_market,finmb_878525,NSE,Torrent Pharmaceuticals Limited,4080,219613,214685,[],1153.05,0.39946997,2886.45 - 4104.8,-65.299805,-0.015908157,23.201513,1762509600,1769162400,1769162400,1762520400,1762520400,TRUE,0,63.684376,32,0,REGULAR,63.43,89.42795,72.49514,55.720978,338445440,249.467,3767.88,271.62012,0.072088316,3505.9968,533.5032,0.15216875,45.170444,16.192522,15,15,Asia/Kolkata,IST,19800000,FALSE,FALSE,FALSE,4040.4,1.36715E+12,4039.5,NSI,4104.8,2886.45,1.8 - Buy,0.78,TORNTPHARM.NS,,
70,en-US,US,EQUITY,Equity,Free Realtime Quote,FALSE,LOW,INR,INR,CANARA BANK,-1.6342006,FALSE,1.04062E+12,2,-2.5,1767861758,150.46,153.8,150.2 - 153.8,150.2,12933143,152.96,0,0,in_market,finmb_562937,NSE,Canara Bank,153.15,28077855,27817245,[],71.86001,0.9142495,78.6 - 158.0,-7.5399933,-0.047721475,59.76603,1761818400,1769508000,1769508000,1761820200,1761820200,TRUE,0,6.3700256,4,0,REGULAR,23.62,21.52845,20.90328,7.1979136,9070651260,127.078,147.4274,3.032608,0.02057018,119.7287,30.731308,0.25667453,6.9888916,1.1839973,15,15,Asia/Kolkata,IST,19800000,FALSE,FALSE,FALSE,150.49,1.36477E+12,150.36,NSI,158,78.6,1.8 - Buy,2.62,CANBK.NS,,
71,en-US,US,EQUITY,Equity,Free Realtime Quote,FALSE,LOW,INR,INR,AMBUJA CEMENTS LTD,-2.6779337,FALSE,1.0255E+12,2,-15.049988,1767861753,546.95,562,545.5 - 562.0,545.5,984606,562,0,0,in_market,finmb_878368,NSE,Ambuja Cements Limited,562,1696549,1862624,[],91.95001,0.20208794,455.0 - 624.95,-78,-0.12480998,6.9966674,1762164000,1769594400,1769594400,1753956000,1753956000,TRUE,0,23.853031,2,0,REGULAR,22.93,19.25569,17.3875,31.456505,2471823478,227.549,551.651,-4.700989,-0.008521671,564.70624,-17.756226,-0.031443298,28.404593,2.4036582,15,15,Asia/Kolkata,IST,19800000,FALSE,FALSE,FALSE,546.9,1.3522E+12,546.7,NSI,624.95,455,1.8 - Buy,0.36,AMBUJACEM.NS,,
72,en-US,US,EQUITY,Equity,Free Realtime Quote,FALSE,LOW,INR,,ICICI PRUDENTIAL AMC LTD,0.49711186,FALSE,1.76612E+12,2,13.4001465,1767861758,2709.1,2725.2,2681.0 - 2725.2,2681,421079,2695.7,,,in_market,finmb_11711790,NSE,,2699.7,3525656,617836,[],179.1001,0.07079055,2530.0 - 2725.2,-16.099854,-0.00590777,4.246104,,,,,,,0,45.477592,,0,REGULAR,59.57,73.13333,63.46667,42.6854,494258520,199.236,2645.7644,63.335693,0.023938524,2645.7644,63.335693,0.023938524,37.0433,13.597444,15,15,Asia/Kolkata,IST,19800000,FALSE,FALSE,FALSE,2709.9,1.339E+12,2709.5,NSI,2725.2,2530,,,ICICIAMC.NS,,
73,en-US,US,EQUITY,Equity,Free Realtime Quote,FALSE,LOW,INR,INR,GODREJ CONSUMER PRODUCTS,-0.6736089,FALSE,1.0255E+12,2,-8.399902,1767861759,1239.3,1249.7,1230.6 - 1249.7,1230.6,248989,1247.7,0,0,in_market,finmb_8707650,NSE,Godrej Consumer Products Limited,1246.7,1316521,934954,[],259.80005,0.26523742,979.5 - 1309.0,-69.69995,-0.053246714,5.638814,1769162400,1769162400,1769162400,1769167800,1769167800,FALSE,20,69.46749,20,0.016029496,REGULAR,17.84,25.81397,21.32023,58.12789,1023244581,118.898,1162.906,76.39404,0.065692365,1204.4272,34.872803,0.028953847,48.00889,10.42322,15,15,Asia/Kolkata,IST,19800000,FALSE,FALSE,FALSE,1239.2,1.26811E+12,1238.6,NSI,1309,979.5,1.5 - Strong Buy,1.6,GODREJCP.NS,,
74,en-US,US,EQUITY,Equity,Free Realtime Quote,FALSE,LOW,INR,INR,BAJAJ HOLDINGS & INVS LTD,1.1341311,FALSE,1.02912E+12,2,127,1767861754,11325,11660,11138.0 - 11660.0,11138,247524,11198,0,0,in_market,finmb_878334,NSE,Bajaj Holdings & Investment Limited,11200,79788,53619,[],1079.9004,0.10540653,10245.1 - 14763.0,-3438,-0.23287949,0.26054382,1762855200,1769680800,1769680800,,,TRUE,93,14.785753,130,0.008305054,REGULAR,765.94,,,,111293510,6095.892,11566.04,-241.04004,-0.020840326,12694.923,-1369.9229,-0.10791108,,1.8578085,15,15,Asia/Kolkata,IST,19800000,FALSE,FALSE,FALSE,11324,1.2625E+12,11319,NSI,14763,10245.1,,1.16,BAJAJHLDNG.NS,,
75,en-US,US,EQUITY,Equity,Free Realtime Quote,FALSE,LOW,INR,INR,VODAFONE IDEA LIMITED,0.7853416,FALSE,1.17341E+12,2,0.09000015,1767861758,11.55,11.63,11.29 - 11.63,11.29,682896984,11.46,0,0,in_market,finmb_8536912,NSE,Vodafone Idea Limited,11.47,512803258,474208082,[],5.4300003,0.88725495,6.12 - 12.8,-1.25,-0.09765625,44.696976,,1770804000,1770804000,1755507600,1755507600,TRUE,0,,,0,REGULAR,-3.08,-2.23253,-2.47536,-4.6659884,1.08343E+11,-7.613,10.702,0.8480005,0.07923758,8.2465,3.3035002,0.4005942,-5.1735024,-1.5171418,15,15,Asia/Kolkata,IST,19800000,FALSE,FALSE,FALSE,11.57,1.2529E+12,11.56,NSI,12.8,6.12,3.4 - Hold,,IDEA.NS,,
76,en-US,US,EQUITY,Equity,Free Realtime Quote,FALSE,LOW,INR,INR,SAMVRDHNA MTHRSN INTL LTD,-0.8964475,FALSE,1.0255E+12,2,-1.0699997,1767861760,118.28,118.94,117.4 - 118.94,117.4,11713059,119.35,,,in_market,finmb_20356896,NSE,Samvardhana Motherson International Limited,118,16644127,13205351,[],46.78,0.6542657,71.5 - 124.71,-6.4300003,-0.05155962,20.377218,1763028000,1763028000,1763028000,1763035200,1763035200,FALSE,0,41.069443,1.1,0,REGULAR,2.88,4.97228,3.76606,31.406828,10554442601,35.022,114.4726,3.807396,0.033260323,102.43815,15.84185,0.15464796,23.78788,3.3773057,15,15,Asia/Kolkata,IST,19800000,FALSE,FALSE,FALSE,118.28,1.24838E+12,118.27,NSI,124.71,71.5,1.8 - Buy,0.92,MOTHERSON.NS,Motherson Sumi Systems Limited,08-01-2026
77,en-US,US,EQUITY,Equity,Free Realtime Quote,FALSE,LOW,INR,INR,UNION BANK OF INDIA,-2.957263,FALSE,1.03284E+12,2,-4.919998,1767861760,161.41,166.92,160.25 - 166.92,160.25,10101356,166.33,0,0,in_market,finmb_8819575,NSE,Union Bank of India,166.28,12637204,15470855,[],60.600006,0.6011309,100.81 - 167.3,-5.8899994,-0.035206214,53.92375,1761818400,1769508000,1769508000,1761816600,1761816600,TRUE,4.75,6.6615767,4.75,0.028557686,REGULAR,24.23,22.92818,21.79646,7.4053316,7633605607,164.786,153.0036,8.406403,0.054942515,140.8434,20.566605,0.14602463,7.0398088,0.9795129,15,15,Asia/Kolkata,IST,19800000,FALSE,FALSE,FALSE,161.34,1.23214E+12,161.44,NSI,167.3,100.81,1.9 - Buy,2.86,UNIONBANK.NS,,
78,en-US,US,EQUITY,Equity,Free Realtime Quote,FALSE,LOW,INR,INR,SOLAR INDUSTRIES (I) LTD,1.0946169,FALSE,1.14404E+12,2,146,1767861761,13474,13739,13353.0 - 13739.0,13353,249110,13328,0,0,in_market,finmb_25394280,NSE,Solar Industries India Limited,13389,113183,216010,[],4991.5,0.5884468,8482.5 - 17820.0,-4346,-0.24388328,38.320396,1762768800,1770285600,1770285600,1762839000,1762839000,TRUE,0,91.90369,10,0,REGULAR,146.61,233.99715,186.10286,72.400826,90490055,565.321,13011.52,462.48047,0.035543926,14120.004,-646.0039,-0.045750972,57.581898,23.834248,15,15,Asia/Kolkata,IST,19800000,FALSE,FALSE,FALSE,13489,1.21926E+12,13480,NSI,17820,8482.5,1.3 - Strong Buy,0.08,SOLARINDS.NS,,
79,en-US,US,EQUITY,Equity,Free Realtime Quote,FALSE,LOW,INR,INR,POWER FIN CORP LTD.,-2.718833,FALSE,1.1722E+12,2,-10.25,1767861759,366.7,379.5,366.2 - 379.5,366.2,5435100,376.95,0,0,in_market,finmb_8740995,NSE,Power Finance Corporation Limited,376.95,5885829,6926656,[],36.80002,0.11154901,329.9 - 444.1,-77.399994,-0.17428505,-10.664773,1762509600,1762509600,1762509600,1762507800,1762507800,FALSE,16.4,4.8886814,14.6,0.043507095,REGULAR,75.01,59.51908,55.76832,6.575418,3300101760,384.794,363.766,2.934021,0.008065683,397.64124,-30.941223,-0.077811904,6.16105,0.9529775,15,15,Asia/Kolkata,IST,19800000,FALSE,FALSE,FALSE,366.8,1.21015E+12,366.5,NSI,444.1,329.9,1.2 - Strong Buy,3.87,PFC.NS,,
80,en-US,US,EQUITY,Equity,Free Realtime Quote,FALSE,LOW,INR,INR,ADANI ENERGY SOLUTION LTD,-3.3081844,FALSE,1.69216E+12,2,-34.200012,1767861758,999.3,1032,996.5 - 1032.0,996.5,824117,1033.5,,,in_market,finmb_283330012,NSE,Adani Energy Solutions Limited,1032,1323560,958040,[],359.84998,0.5627492,639.45 - 1067.7,-68.39996,-0.06406291,37.524952,1769076000,1769076000,1769076000,1745578740,1745578740,FALSE,0,53.126,,0,REGULAR,18.81,30.956,20.1,49.716415,1201282642,194.438,994.99,4.3099976,0.0043317,896.1225,103.17749,0.11513771,32.281303,5.139427,15,15,Asia/Kolkata,IST,19800000,FALSE,FALSE,FALSE,999.6,1.20044E+12,999.4,NSI,1067.7,639.45,1.0 - Strong Buy,,ADANIENSOL.NS,Adani Transmission Limited,08-01-2026
81,en-US,US,EQUITY,Equity,Free Realtime Quote,FALSE,LOW,INR,INR,TATA POWER CO LTD,-1.6946958,FALSE,8.20468E+11,2,-6.450012,1767861756,374.3,381.85,373.5 - 381.85,373.5,2680113,380.75,0,0,in_market,finmb_874401,NSE,Tata Power Company Limited,380.15,4496598,3914014,[],47.94998,0.14692809,326.35 - 416.8,-42.5,-0.10196737,3.7042022,1762855200,1770112800,1770112800,1762864200,1762864200,TRUE,0,29.518927,2.25,0,REGULAR,12.68,16.92081,14.05712,26.627075,3195339547,118.481,386.56,-12.26001,-0.031715672,390.39276,-16.092773,-0.041222006,22.12069,3.159156,15,15,Asia/Kolkata,IST,19800000,FALSE,FALSE,FALSE,374.3,1.19632E+12,374.2,NSI,416.8,326.35,2.5 - Buy,0.59,TATAPOWER.NS,The Tata Power Company Limited,08-01-2026
82,en-US,US,EQUITY,Equity,Free Realtime Quote,FALSE,LOW,INR,INR,TATA CONSUMER PRODUCT LTD,-1.2947346,FALSE,8.20468E+11,2,-15.699951,1767861756,1196.9,1212,1193.0 - 1212.0,1193,374609,1212.6,,,in_market,finmb_121597,NSE,Tata Consumer Products Limited,1212,1271700,1221633,[],270.85004,0.29247886,926.05 - 1220.9,-24,-0.019657629,24.997425,1762164000,1769680800,1769680800,1762169400,1762169400,TRUE,0,87.36497,8.25,0,REGULAR,13.7,20.70062,16.7134,71.6132,989551244,205.423,1171.226,25.674072,0.021920683,1124.5327,72.36731,0.06435323,57.819523,5.8265142,15,15,Asia/Kolkata,IST,19800000,FALSE,FALSE,FALSE,1196.9,1.18439E+12,1196.5,NSI,1220.9,926.05,1.9 - Buy,0.68,TATACONSUM.NS,,
83,en-US,US,EQUITY,Equity,Free Realtime Quote,FALSE,LOW,INR,INR,CIPLA LTD,-0.35420427,FALSE,8.20468E+11,2,-5.2000732,1767861760,1462.7,1469.3,1458.0 - 1469.3,1458,1994370,1467.9,0,0,in_market,finmb_882504,NSE,Cipla Limited,1467.9,1340071,1591382,[],127.69995,0.0956554,1335.0 - 1673.0,-210.30005,-0.12570237,-1.3640642,1761818400,1769508000,1769508000,1761820200,1761820200,TRUE,0,21.708221,13,0,REGULAR,67.38,64.13913,60.18304,24.304188,807771798,407.531,1510.796,-48.09607,-0.03183492,1518.797,-56.097046,-0.036935184,22.80511,3.5891747,15,15,Asia/Kolkata,IST,19800000,FALSE,FALSE,FALSE,1463,1.18157E+12,1462.7,NSI,1673,1335,2.4 - Buy,0.89,CIPLA.NS,,
84,en-US,US,EQUITY,Equity,Free Realtime Quote,FALSE,LOW,INR,INR,POLYCAB INDIA LIMITED,-1.291548,FALSE,1.55539E+12,2,-102,1767861759,7795,7948,7794.0 - 7948.0,7794,239076,7897,,,in_market,finmb_23092349,NSE,Polycab India Limited,7871.5,277846,323767,[],3240,0.7113063,4555.0 - 7948.0,-153,-0.019250127,17.004728,1768557600,1768557600,1768557600,1769063400,1769063400,FALSE,35,47.916157,35,0.004432063,REGULAR,162.68,205.18385,176.99582,44.04059,150529943,703.762,7514.85,280.1499,0.037279505,6809.985,985.01514,0.14464279,37.99032,11.076187,15,15,Asia/Kolkata,IST,19800000,FALSE,FALSE,FALSE,7799,1.17343E+12,7794.5,NSI,7948,4555,1.8 - Buy,0.44,POLYCAB.NS,,
85,en-US,US,EQUITY,Equity,Free Realtime Quote,FALSE,LOW,INR,INR,HERO MOTOCORP LIMITED,-2.0565124,FALSE,1.0255E+12,2,-123,1767861759,5858,5985,5845.0 - 5985.0,5845,387031,5981,0,0,in_market,finmb_881572,NSE,Hero MotoCorp Limited,5981,700457,827406,[],2514,0.7517943,3344.0 - 6388.5,-530.5,-0.083039835,44.424988,1763028000,1763028000,1763028000,1763100000,1763100000,FALSE,65,22.209583,130,0.010867748,REGULAR,263.76,289.75385,259.21246,22.599222,200081612,1049.694,5824.76,33.240234,0.005706714,4914.2744,943.7256,0.19203763,20.217161,5.580674,15,15,Asia/Kolkata,IST,19800000,FALSE,FALSE,FALSE,5857.5,1.17208E+12,5856.5,NSI,6388.5,3344,2.4 - Buy,2.17,HEROMOTOCO.NS,,
86,en-US,US,EQUITY,Equity,Free Realtime Quote,FALSE,LOW,INR,INR,CUMMINS INDIA LTD,-0.36646113,FALSE,1.0255E+12,2,-15.199707,1767861760,4132.7,4235,4124.7 - 4235.0,4124.7,684846,4147.9,0,0,in_market,finmb_878459,NSE,Cummins India Limited,4148,528209,709856,[],1552.7002,0.6018218,2580.0 - 4615.0,-482.2998,-0.104507,33.437347,1762423200,1762423200,1762423200,1762489800,1762489800,FALSE,0,49.57059,51.5,0,REGULAR,83.37,100.145,87.215,47.3852,277200000,284.807,4402.768,-270.06787,-0.061340474,3721.906,410.7942,0.11037199,41.267166,14.510529,15,15,Asia/Kolkata,IST,19800000,FALSE,FALSE,FALSE,4132.6,1.14566E+12,4132.5,NSI,4615,2580,2.2 - Buy,1.24,CUMMINSIND.NS,,
87,en-US,US,EQUITY,Equity,Free Realtime Quote,FALSE,LOW,INR,INR,BOSCH LIMITED,-1.09848,FALSE,1.0255E+12,2,-430,1767861740,38715,39200,38405.0 - 39200.0,38405,16772,39145,0,0,in_market,finmb_9830297,NSE,Bosch Limited,39025,23759,45824,[],12793.4,0.49354208,25921.6 - 41945.0,-3230,-0.0770056,19.236732,1770372000,1770372000,1770372000,1762857900,1762857900,FALSE,0,42.630154,512,0,REGULAR,908.16,903.9999,833.3,46.459858,29493640,4752.635,36839.1,1875.8984,0.050921395,35443.676,3271.3242,0.092296414,42.826332,8.146008,15,15,Asia/Kolkata,IST,19800000,FALSE,FALSE,FALSE,38730,1.14291E+12,38720,NSI,41945,25921.6,3.0 - Hold,1.31,BOSCHLTD.NS,,
88,en-US,US,EQUITY,Equity,Free Realtime Quote,FALSE,LOW,INR,INR,INDUS TOWERS LIMITED,1.0023282,FALSE,1.35667E+12,2,4.299988,1767861759,433.3,436.8,424.45 - 436.8,424.45,9019042,429,,,in_market,finmb_36435064,NSE,Indus Towers Limited,430.45,7174992,8605829,[],120.75,0.3863382,312.55 - 446.0,-12.700012,-0.028475363,29.685616,1761559200,1761559200,1761559200,1761642000,1761642000,FALSE,0,12.226298,,0,REGULAR,35.44,29.41256,26.98957,16.05435,2637135108,136.893,407.743,25.556976,0.06267913,382.80774,50.49225,0.13189976,14.731801,3.1652455,15,15,Asia/Kolkata,IST,19800000,FALSE,FALSE,FALSE,433.4,1.14267E+12,433.3,NSI,446,312.55,2.4 - Buy,,INDUSTOWER.NS,Bharti Infratel Limited,08-01-2026
89,en-US,US,EQUITY,Equity,Free Realtime Quote,FALSE,LOW,INR,INR,IDBI BANK LIMITED,-3.0773513,FALSE,8.20468E+11,2,-3.3300018,1767861759,104.79,108.25,103.63 - 108.25,103.63,13448755,108.12,0,0,in_market,finmb_706153,NSE,IDBI Bank Limited,107.7,15212957,28312783,[],38.9,0.5903779,65.89 - 118.38,-13.589996,-0.11479977,47.563805,,1753095540,1753444800,,,TRUE,0,12.128471,2.1,0,REGULAR,8.64,4.9,,,10752402175,63.28,100.6338,4.156204,0.041300282,93.612,11.178001,0.11940778,21.385714,1.6559736,15,15,Asia/Kolkata,IST,19800000,FALSE,FALSE,FALSE,104.83,1.12674E+12,104.72,NSI,118.38,65.89,,1.94,IDBI.NS,,
90,en-US,US,EQUITY,Equity,Free Realtime Quote,FALSE,LOW,INR,INR,INDIAN BANK,-3.995142,FALSE,1.17272E+12,2,-34.549988,1767861759,830.05,862.5,828.5 - 862.5,828.5,996270,864.6,0,0,in_market,finmb_8859542,NSE,Indian Bank,858,2067742,2459111,[],356.15,0.7515299,473.9 - 894.85,-64.79999,-0.07241436,72.79904,1760608800,1768471200,1768471200,1760617800,1760617800,TRUE,16.25,9.91815,16.25,0.01879482,REGULAR,83.69,96.68462,88.05769,9.426207,1346963981,570.718,835.576,-5.526001,-0.006613403,696.662,133.388,0.19146731,8.585129,1.454396,15,15,Asia/Kolkata,IST,19800000,FALSE,FALSE,FALSE,830.3,1.11864E+12,830.25,NSI,894.85,473.9,1.5 - Strong Buy,1.88,INDIANB.NS,,
91,en-US,US,EQUITY,Equity,Free Realtime Quote,FALSE,LOW,INR,INR,HDFC AMC LIMITED,-1.8555282,FALSE,1.53353E+12,2,-48.700195,1767861759,2575.9,2625.2,2567.0 - 2625.2,2567,574967,2624.6,0,0,in_market,finmb_13622519,NSE,HDFC Asset Management Company Limited,2619.1,914269,650687,[],794.3749,0.445896,1781.525 - 2967.25,-391.3501,-0.13188984,32.877686,1768384800,1768384800,1768384800,1768303800,1768303800,FALSE,0,40.223297,45,0,REGULAR,64.04,78.30106,68.93982,37.36447,428308492,180.809,2663.122,-87.22217,-0.032751847,2604.1882,-28.28833,-0.010862629,32.89738,14.246525,15,15,Asia/Kolkata,IST,19800000,FALSE,FALSE,FALSE,2576.1,1.10382E+12,2576,NSI,2967.25,1781.525,1.9 - Buy,1.71,HDFCAMC.NS,,
92,en-US,US,EQUITY,Equity,Free Realtime Quote,FALSE,LOW,INR,INR,SIEMENS LTD,-1.2956375,FALSE,9.15422E+11,2,-40.600098,1767861761,3093,3152.5,3072.0 - 3152.5,3072,127651,3133.6,0,0,in_market,finmb_878441,NSE,Siemens Limited,3130,350265,220067,[],643,0.26244897,2450.0 - 3766.1301,-673.1301,-0.17873257,-14.45387,1763114400,1770199200,1770199200,1734670800,1734670800,TRUE,0,65.36348,12,0,REGULAR,47.32,67.17483,59.73934,51.774925,356120505,346.489,3156.084,-63.083984,-0.019988056,3126.9275,-33.92749,-0.010850105,46.044033,8.92669,15,15,Asia/Kolkata,IST,19800000,FALSE,FALSE,FALSE,3093.7,1.10155E+12,3093.3,NSI,3766.1301,2450,2.5 - Buy,0.38,SIEMENS.NS,,
93,en-US,US,EQUITY,Equity,Free Realtime Quote,FALSE,LOW,INR,INR,BSE LIMITED,-1.5405276,FALSE,1.48609E+12,2,-42.299805,1767861759,2702.6,2787,2693.7 - 2787.0,2693.7,3064517,2744.9,0,0,in_market,finmb_22512362,NSE,BSE Limited,2744.9,4729581,2773870,[],1475.2667,1.2020098,1227.3334 - 3030.0,-327.3999,-0.108052775,58.199894,,1754391540,1754740800,1746538200,1746538200,TRUE,0,61.929424,6,0,REGULAR,43.64,62.59107,54.08669,49.967934,406129077,155.005,2709.974,-7.3740234,-0.002721068,2457.6128,244.9873,0.09968507,43.178688,17.435566,15,15,Asia/Kolkata,IST,19800000,FALSE,FALSE,FALSE,2705.1,1.0976E+12,2703.7,NSI,3030,1227.3334,2.1 - Buy,0.22,BSE.NS,,
94,en-US,US,EQUITY,Equity,Free Realtime Quote,FALSE,LOW,INR,INR,ABB INDIA LIMITED,-2.4150944,FALSE,1.0255E+12,2,-128,1767861758,5171,5368,5168.0 - 5368.0,5168,229408,5299,0,0,in_market,finmb_878520,NSE,ABB India Limited,5312,187878,87467,[],486.5498,0.10386487,4684.45 - 6692.0,-1521,-0.22728631,-18.256218,1771495200,1771495200,1771495200,1762486200,1762486200,FALSE,43.27,62.158913,43.27,0.008165692,REGULAR,83.19,90.38187,80.63588,64.12778,211908375,339.529,5153.93,17.069824,0.003312002,5400.7363,-229.73633,-0.042537965,57.212803,15.229922,15,15,Asia/Kolkata,IST,19800000,FALSE,FALSE,FALSE,5172,1.09613E+12,5170.5,NSI,6692,4684.45,2.7 - Hold,0.82,ABB.NS,,
95,en-US,US,EQUITY,Equity,Free Realtime Quote,FALSE,LOW,INR,INR,LODHA DEVELOPERS LIMITED,-1.2679834,FALSE,1.6188E+12,2,-14.099976,1767861760,1096.8,1128.8,1090.7 - 1128.8,1090.7,1273945,1110.9,,,in_market,finmb_73049509,NSE,Lodha Developers Limited,1114,1121382,1282693,[],61.650024,0.059556607,1035.15 - 1531.0,-434.19995,-0.28360546,-15.153133,1761818400,1769680800,1769680800,1761895800,1761895800,TRUE,4.25,32.90729,4.25,0.003825727,REGULAR,33.33,41.84525,33.99249,32.265953,998489289,213.103,1136.238,-39.43799,-0.034709267,1248.7932,-151.99316,-0.12171204,26.210861,5.146807,15,15,Asia/Kolkata,IST,19800000,FALSE,FALSE,FALSE,1097.5,1.09572E+12,1097.2,NSI,1531,1035.15,1.6 - Buy,0.38,LODHA.NS,Macrotech Developers Limited,08-01-2026
96,en-US,US,EQUITY,Equity,Free Realtime Quote,FALSE,LOW,INR,INR,GMR AIRPORTS LIMITED,-1.1197299,FALSE,1.15613E+12,2,-1.1700058,1767861754,103.34,104.99,102.25 - 104.99,102.25,3816340,104.51,,,in_market,finmb_23927626,NSE,GMR Airports Limited,104.11,19578073,14673797,[],35.589996,0.5253136,67.75 - 110.36,-7.0200043,-0.06361004,37.36856,1763028000,1763028000,1763028000,1763091000,1763091000,FALSE,0,,,0,REGULAR,-0.13,0.64544,0.2342,441.2468,10558975952,-2.948,101.406,1.9339981,0.019071832,91.45495,11.885048,0.12995522,160.10783,-35.05427,15,15,Asia/Kolkata,IST,19800000,FALSE,FALSE,FALSE,103.33,1.09154E+12,103.29,NSI,110.36,67.75,1.5 - Strong Buy,,GMRAIRPORT.NS,GMR Infrastructure Limited,08-01-2026
97,en-US,US,EQUITY,Equity,Free Realtime Quote,FALSE,LOW,INR,INR,ASHOK LEYLAND LTD,-0.87031007,FALSE,1.0255E+12,2,-1.6199951,1767861758,184.5,186.3,184.01 - 186.3,184.01,7025616,186.12,0,0,in_market,finmb_878449,NSE,Ashok Leyland Limited,186,16280154,19265365,[],88.57,0.9232774,95.93 - 191.8,-7.300003,-0.038060494,73.6194,1762941600,1770890400,1770890400,1762946100,1762946100,TRUE,3.125,33.24324,3.13,0.016790243,REGULAR,5.55,7.18808,6.03616,30.56579,5873854552,21.478,160.0414,24.458603,0.15282673,133.1469,51.353104,0.3856876,25.667494,8.590185,15,15,Asia/Kolkata,IST,19800000,FALSE,FALSE,FALSE,184.52,1.08373E+12,184.51,NSI,191.8,95.93,1.8 - Buy,1.68,ASHOKLEY.NS,,
98,en-US,US,EQUITY,Equity,Free Realtime Quote,FALSE,LOW,INR,INR,GAIL (INDIA) LTD,-3.0270603,FALSE,8.59953E+11,2,-5.099991,1767861758,163.38,168.42,163.25 - 168.42,163.25,6504470,168.48,0,0,in_market,finmb_7685716,NSE,GAIL (India) Limited,168.03,8944018,6236503,[],12.860001,0.085437156,150.52 - 202.79,-39.40999,-0.19433892,-7.9444885,1761904800,1769680800,1769680800,1761906600,1761906600,TRUE,0,9.842169,7.5,0,REGULAR,16.6,17.76103,14.84553,11.005334,6575079643,134.062,175.7846,-12.404602,-0.07056706,180.72675,-17.34674,-0.09598325,9.198791,1.2186899,15,15,Asia/Kolkata,IST,19800000,FALSE,FALSE,FALSE,163.4,1.07424E+12,163.38,NSI,202.79,150.52,1.8 - Buy,4.45,GAIL.NS,,
99,en-US,US,EQUITY,Equity,Free Realtime Quote,FALSE,LOW,INR,INR,APOLLO HOSPITALS ENTER. L,-0.7922121,FALSE,1.0255E+12,2,-59,1767861759,7388.5,7443,7325.0 - 7443.0,7325,674401,7447.5,0,0,in_market,finmb_8888162,NSE,Apollo Hospitals Enterprise Limited,7425,326291,339539,[],1387.5,0.23121147,6001.0 - 8099.5,-711,-0.087783195,5.019355,1762423200,1762423200,1762423200,1762491000,1762491000,FALSE,10,63.595284,20,0.001342733,REGULAR,116.18,168.70975,130.46024,56.634113,143784657,632.453,7297.73,90.77002,0.012438117,7334.527,53.973145,0.007358776,43.79415,11.682291,15,15,Asia/Kolkata,IST,19800000,FALSE,FALSE,FALSE,7388,1.06235E+12,7387,NSI,8099.5,6001,1.5 - Strong Buy,0.27,APOLLOHOSP.NS,,
